bowler_canonical_id,bowler_canonical_name,spells,overs_bowled,legal_balls,runs_conceded,wickets,economy_overall,strike_rate_balls_per_wicket,spell_economy_p10,spell_economy_p50,spell_economy_p90,two_plus_wicket_spell_rate,dot_ball_pct,qualified,expensive_over_rate,last_active_season,is_recently_active
c13e34f4,Haider Ali,79,79.0,474,493,19,6.241,24.95,2.0,6.0,11.0,0.0,39.66,True,0.0633,2025,True
aed2b202,Arab Gul,19,19.0,114,121,6,6.368,19.0,2.8,5.0,11.0,0.0,37.72,True,0.0526,2025,True
9d430b40,SP Narine,1119,1112.5,6675,7122,286,6.402,23.34,2.0,5.0,12.0,0.0188,42.82,True,0.1155,2026,True
537f5ab2,DL Piedt,28,28.0,168,182,7,6.5,24.0,3.0,5.5,11.0,0.0,39.88,True,0.0714,2025,True
d2d15439,Aayan Afzal Khan,56,55.83,335,368,24,6.591,13.96,2.0,5.0,11.0,0.0357,38.81,True,0.0893,2025,True
c7a995d3,R Sai Kishore,204,202.0,1212,1342,74,6.644,16.38,2.0,6.0,13.0,0.0392,42.24,True,0.1471,2026,True
4eb02f2e,KTH Ratnayake,15,14.83,89,99,5,6.674,17.8,1.52,5.0,12.2,0.1333,37.08,True,0.1333,2025,True
ac2e7ec0,T Murphy,69,69.0,414,465,21,6.739,19.71,2.8,6.0,12.0,0.0145,35.02,True,0.1159,2025,True
9a2fc964,BC Fortuin,175,174.5,1047,1184,39,6.785,26.85,2.4,6.0,12.0,0.0286,38.97,True,0.12,2025,True
9cb8d7a6,Imad Wasim,381,372.33,2234,2536,112,6.811,19.95,2.0,6.0,13.0,0.0262,41.81,True,0.1332,2025,True
fe366f34,C Connolly,73,72.0,432,493,27,6.847,16.0,3.0,6.0,12.0,0.0411,39.58,True,0.137,2025,True
acee4cc4,Imran Tahir,610,601.17,3607,4176,211,6.946,17.09,2.0,6.0,13.0,0.0443,40.39,True,0.1252,2026,True
95a5e066,MG Erasmus,21,21.0,126,146,3,6.952,42.0,3.0,6.0,12.0,0.0,38.1,True,0.1429,2025,True
a61bcb94,K Pierre,240,237.67,1426,1653,68,6.955,20.97,2.0,6.0,12.1,0.0292,46.28,True,0.1333,2026,True
7d92277a,Mujeeb Ur Rahman,507,504.5,3027,3510,143,6.957,21.17,2.0,6.0,13.0,0.0217,43.31,True,0.1409,2026,True
e94d1dcd,Usman Tariq,99,98.67,592,687,40,6.963,14.8,2.0,6.0,13.2,0.0505,43.58,True,0.1058,2026,True
5cdf8304,JA Davies,45,45.0,270,314,15,6.978,18.0,3.0,6.0,12.0,0.0667,27.04,True,0.2,2025,True
3feda4fa,RL Chase,242,241.5,1449,1690,73,6.998,19.85,2.0,6.5,12.0,0.0207,43.0,True,0.1157,2026,True
19b9f399,CJ Green,664,657.5,3945,4608,164,7.008,24.05,2.0,6.0,13.0,0.0196,39.9,True,0.1256,2026,True
62af8546,Mohammad Nabi,281,282.83,1697,1985,85,7.018,19.96,2.0,6.0,12.0,0.0356,37.36,True,0.1424,2026,True
462411b3,JJ Bumrah,434,432.17,2593,3040,141,7.034,18.39,2.0,6.0,13.0,0.053,44.54,True,0.1406,2026,True
51a60c16,CJ Boyce,222,220.0,1320,1552,65,7.055,20.31,3.0,6.0,12.0,0.0225,29.77,True,0.1216,2025,True
4d7f517e,AJ Hosein,562,561.0,3366,3970,163,7.077,20.65,2.0,6.0,13.0,0.0231,44.12,True,0.1456,2026,True
17bcec2a,D Forrester,14,14.0,84,100,4,7.143,21.0,3.3,6.5,11.7,0.0,39.29,True,0.1429,2026,True
5f547c8b,Rashid Khan,1083,1077.5,6465,7702,353,7.148,18.31,2.0,6.0,13.9,0.0342,38.86,True,0.1486,2026,True
2e171977,AR Patel,454,454.0,2724,3248,96,7.154,28.38,3.0,6.0,13.0,0.0044,35.06,True,0.1388,2026,True
00b195ae,TH Aspinwall,10,9.17,55,66,3,7.2,18.33,2.28,5.4,15.12,0.1,45.45,True,0.1818,2025,True
92b7602a,AR Nedd,76,75.83,455,547,19,7.213,23.95,2.0,6.0,15.0,0.0263,43.96,True,0.1579,2026,True
a343262c,JE Root,44,44.5,267,323,11,7.258,24.27,3.18,6.0,11.64,0.0,29.21,True,0.102,2026,True
fb2d1dda,N Rana,104,101.17,607,740,33,7.315,18.39,2.3,6.0,13.7,0.0288,34.43,True,0.1346,2026,True
0b60eb09,KA Maharaj,174,174.0,1044,1273,49,7.316,21.31,2.3,6.0,13.0,0.0057,35.92,True,0.1667,2025,True
ab21795b,BAD Manenti,100,99.5,597,728,22,7.317,27.14,3.9,6.0,13.0,0.0,31.16,True,0.16,2025,True
208f22ea,DJ Worrall,255,256.33,1538,1876,78,7.319,19.72,1.88,7.0,13.68,0.0314,48.5,True,0.1741,2026,True
249d60c9,AU Rashid,284,281.5,1689,2066,98,7.339,17.23,3.0,6.8,13.0,0.0387,35.17,True,0.1218,2026,True
3f9ec1d2,C Stow,20,19.83,119,146,6,7.361,19.83,4.0,7.0,12.0,0.05,25.21,True,0.15,2025,True
24f6e254,JM James,25,24.0,144,177,13,7.375,11.08,2.4,7.0,12.6,0.08,43.75,True,0.12,2026,True
56b93d46,BJ Webster,93,92.0,552,679,20,7.38,27.6,3.2,7.0,12.8,0.0215,28.44,True,0.1183,2025,True
e9987a94,C Overton,147,133.5,801,986,48,7.386,16.69,2.24,6.0,14.4,0.034,47.57,True,0.1226,2026,True
f6d8a7ab,K Kartikeya,103,103.0,618,762,30,7.398,20.6,2.2,6.0,14.8,0.0388,38.67,True,0.1942,2025,True
bb351c23,MM Ali,317,314.0,1884,2328,84,7.414,22.43,2.0,6.0,14.0,0.0126,36.57,True,0.159,2026,True
7dfb8890,S Muthusamy,80,78.83,473,585,27,7.421,17.52,3.0,7.0,13.0,0.0375,30.02,True,0.1625,2025,True
f19ccfad,Washington Sundar,228,226.67,1360,1683,41,7.425,33.17,2.0,6.5,14.0,0.0088,35.88,True,0.1754,2026,True
a97c8ec2,PWH de Silva,270,270.0,1620,2005,101,7.426,16.04,2.0,6.5,13.0,0.0407,39.51,True,0.1926,2026,True
c05edf8e,Harpreet Brar,251,249.83,1499,1858,73,7.437,20.53,2.0,7.0,14.0,0.0398,37.63,True,0.1753,2026,True
7ec9711d,P Subrayen,47,45.83,275,342,15,7.462,18.33,2.0,6.0,13.8,0.0426,36.0,True,0.1915,2025,True
44afbf2d,NJ Maddinson,34,34.0,204,254,13,7.471,15.69,4.0,8.0,11.0,0.0,25.0,True,0.0882,2025,True
e4a0deae,MJ Santner,235,226.0,1356,1690,59,7.478,22.98,2.0,7.0,14.0,0.0213,38.05,True,0.1494,2026,True
a2421394,AC Agar,243,243.0,1458,1818,54,7.481,27.0,3.0,7.0,13.0,0.0082,33.54,True,0.1481,2025,True
5b8c830e,KH Pandya,464,461.0,2766,3449,108,7.482,25.61,3.0,7.0,14.0,0.0216,33.48,True,0.1746,2026,True
f0af99a7,D Ferreira,85,85.67,514,642,22,7.494,23.36,3.0,6.0,14.0,0.0353,32.68,True,0.1609,2026,True
66162077,J Bishop,71,70.83,425,531,19,7.496,22.37,2.0,6.0,14.0,0.0,44.47,True,0.1831,2026,True
26d041c4,Sikandar Raza,268,268.0,1608,2011,75,7.504,21.44,3.0,7.0,13.3,0.0299,36.5,True,0.1691,2026,True
cf0ccafa,M Siddharth,49,49.0,294,370,24,7.551,12.25,2.0,7.0,15.2,0.0408,43.54,True,0.2041,2026,True
e174dadd,Mohammad Amir,285,275.5,1653,2084,103,7.564,16.05,2.0,7.0,14.4,0.0351,47.43,True,0.1793,2026,True
218d4d78,MT Renshaw,57,56.17,337,425,14,7.567,24.07,3.6,6.0,13.0,0.0,29.97,True,0.1404,2025,True
23638956,SR Harmer,79,79.0,474,598,13,7.57,36.46,3.0,6.0,13.0,0.0,32.49,True,0.1519,2025,True
e5437608,GF Linde,163,160.33,962,1215,40,7.578,24.05,3.0,7.0,14.0,0.0307,38.67,True,0.1646,2026,True
6ef38020,J Wadia,12,12.0,72,91,2,7.583,36.0,3.0,7.5,14.7,0.0833,36.11,True,0.25,2025,True
2ed569a0,RD Chahar,335,332.5,1995,2522,95,7.585,21.0,3.0,7.0,14.0,0.0328,35.94,True,0.1791,2026,True
97bdec3d,G Motie,201,198.33,1190,1505,73,7.588,16.3,2.0,6.0,15.0,0.0448,40.0,True,0.1741,2026,True
4933f499,JP Behrendorff,385,383.33,2300,2909,131,7.589,17.56,2.0,7.0,14.0,0.0312,45.57,True,0.1718,2025,True
14f96089,A Zampa,508,498.67,2992,3785,181,7.59,16.53,3.0,7.0,14.0,0.0295,33.72,True,0.1615,2026,True
ed5a5510,P Dubey,43,43.0,258,327,9,7.605,28.67,2.2,7.0,13.6,0.0233,30.62,True,0.1395,2025,True
52c952d9,T Sangha,207,204.67,1228,1557,70,7.607,17.54,3.0,7.0,13.0,0.0483,32.0,True,0.1531,2026,True
5e3054d0,PG Dooley,76,75.83,455,577,26,7.609,17.5,3.0,7.0,12.5,0.0526,35.16,True,0.1447,2025,True
e941cd33,AR Lamba,36,36.0,216,274,9,7.611,24.0,2.5,7.0,12.0,0.0,42.13,True,0.1389,2026,True
2a72fd4f,Harmeet Singh,132,130.33,782,992,38,7.611,20.58,2.1,7.0,13.9,0.0076,35.55,True,0.1667,2026,True
fe93fd9d,RA Jadeja,390,388.17,2329,2959,98,7.623,23.77,3.0,6.0,14.0,0.0256,32.12,True,0.1718,2026,True
7b953689,MP Kuhnemann,204,203.83,1223,1557,53,7.639,23.08,3.0,7.0,12.0,0.0098,28.05,True,0.1324,2025,True
6c7a68d0,Shubham Ranjane,65,64.5,387,493,16,7.643,24.19,3.0,7.0,13.2,0.0154,29.2,True,0.1385,2026,True
af5b6464,N Bidaisee,31,31.0,186,237,9,7.645,20.67,3.0,8.0,14.0,0.0,34.95,True,0.2258,2026,True
fc55ec67,MR Adair,67,65.83,395,505,18,7.671,21.94,2.0,8.0,13.8,0.0299,43.29,True,0.1791,2025,True
a03bba42,T Shamsi,238,237.5,1425,1822,78,7.672,18.27,3.0,6.5,14.0,0.063,34.67,True,0.1714,2025,True
2669d6b7,Mohsin Khan,168,168.0,1008,1289,59,7.673,17.08,2.0,7.0,15.0,0.0298,44.74,True,0.2143,2026,True
f9d99806,Tajinder Singh,29,28.0,168,215,3,7.679,56.0,2.8,7.0,12.4,0.0,36.31,True,0.1379,2026,True
5b7ab5a9,CV Varun,368,367.67,2206,2824,116,7.681,19.02,3.0,7.0,15.0,0.0272,37.76,True,0.1848,2026,True
a90e53ec,MW Short,253,247.17,1483,1899,71,7.683,20.89,3.0,7.0,13.84,0.0277,35.0,True,0.1529,2026,True
f7d267f7,NP Kenjige,67,66.0,396,508,22,7.697,18.0,2.0,6.0,15.0,0.0149,40.66,True,0.209,2026,True
86b4bf88,MJ Swepson,252,250.33,1502,1929,59,7.706,25.46,3.0,7.0,14.0,0.0159,30.29,True,0.1746,2025,True
9103ecdb,Muhammad Rohid,45,45.0,270,347,22,7.711,12.27,4.0,7.0,12.6,0.0889,42.59,True,0.2,2025,True
eafe8a94,BI Kellaway,12,11.67,70,90,4,7.714,17.5,3.6,6.6,12.96,0.0,30.0,True,0.0714,2026,True
2cdce1be,C Sakariya,165,163.67,982,1263,60,7.717,16.37,2.0,8.0,13.6,0.0364,40.63,True,0.1636,2025,True
9caf69a1,WG Jacks,127,124.0,744,957,39,7.718,19.08,2.4,7.0,14.64,0.0394,37.1,True,0.1667,2026,True
f24c6701,M Theekshana,309,306.5,1839,2368,81,7.726,22.7,3.0,7.0,13.2,0.0291,37.25,True,0.1748,2026,True
ba5e1069,R Ravindra,70,64.83,389,501,35,7.728,11.11,1.92,6.5,16.0,0.0857,42.42,True,0.1831,2026,True
449f4e3c,B Muzarabani,77,75.67,454,585,27,7.731,16.81,2.76,7.0,14.4,0.0519,43.83,True,0.1923,2026,True
04a418e8,R Parag,145,143.83,863,1114,32,7.745,26.97,3.0,7.0,14.0,0.0138,32.21,True,0.1586,2026,True
e4cdf230,AS Roy,128,126.67,760,981,28,7.745,27.14,3.0,7.0,14.0,0.0156,35.39,True,0.1719,2026,True
0bec3a6c,BAC Howell,151,144.33,866,1118,46,7.746,18.83,2.4,7.2,13.2,0.0331,29.45,True,0.1071,2026,True
92780e2f,JU Goolie,21,21.0,126,163,7,7.762,18.0,4.0,8.0,11.0,0.0,39.68,True,0.0476,2026,True
350bb1b1,AF Milne,324,302.17,1813,2349,105,7.774,17.27,2.0,7.2,14.28,0.0309,46.83,True,0.155,2026,True
9c9af282,Naseem Shah,104,103.0,618,801,34,7.777,18.18,2.0,7.0,14.0,0.0192,44.82,True,0.2115,2026,True
44a18ad8,J Royal,58,57.33,344,446,19,7.779,18.11,2.0,8.0,14.3,0.0345,45.64,True,0.1897,2026,True
efc04be7,Noor Ahmad,501,493.5,2961,3841,166,7.783,17.84,3.0,7.0,14.0,0.0359,39.11,True,0.1779,2026,True
30afc92b,Salman Irshad,44,44.0,264,343,14,7.795,18.86,2.3,7.5,14.0,0.0682,40.53,True,0.1818,2025,True
495d42a5,R Ashwin,434,433.33,2600,3379,96,7.798,27.08,3.0,7.0,14.0,0.0276,30.85,True,0.1797,2026,True
ad212f96,RF Higgins,14,11.67,70,91,6,7.8,11.67,3.6,7.2,11.28,0.0714,27.14,True,0.0714,2025,True
a0f612b6,TD Andrews,50,50.0,300,390,13,7.8,23.08,3.0,7.0,13.1,0.02,36.33,True,0.3,2025,True
33609a8c,Saim Ayub,14,13.83,83,108,2,7.807,41.5,2.3,7.0,13.0,0.0,37.35,True,0.2143,2026,True
9de62878,Shadab Khan,113,112.83,677,881,34,7.808,19.91,3.0,7.2,13.84,0.0265,34.56,True,0.2105,2026,True
98ae73b1,PP Chawla,357,354.17,2125,2766,116,7.81,18.32,3.0,7.0,14.0,0.0168,37.32,True,0.1821,2025,True
bd93fea4,PM Siddle,317,308.0,1848,2407,118,7.815,15.66,3.0,7.0,15.0,0.0505,39.88,True,0.183,2026,True
1ee08e9a,JA Richardson,259,255.17,1531,1995,98,7.818,15.62,2.0,7.0,13.0,0.0463,45.2,True,0.2008,2025,True
a3690f55,Khuzaima Tanveer,63,61.0,366,477,24,7.82,15.25,3.0,7.0,13.0,0.0952,42.9,True,0.1746,2025,True
c4d9634c,RRS Cornwall,117,116.5,699,911,34,7.82,20.56,3.0,7.0,14.0,0.0427,42.35,True,0.1795,2026,True
4a461c24,LA Dawson,241,230.33,1382,1802,73,7.823,18.93,2.4,7.2,15.0,0.0166,34.73,True,0.1274,2026,True
5935d694,Rishad Hossain,40,40.0,240,313,15,7.825,16.0,3.0,7.0,13.2,0.025,32.92,True,0.2,2025,True
8d5d991e,Qais Ahmad,240,237.0,1422,1857,75,7.835,18.96,2.4,7.0,14.4,0.0292,34.46,True,0.1852,2025,True
7dc35884,Shakib Al Hasan,204,202.33,1214,1586,45,7.839,26.98,3.0,7.0,14.0,0.0147,33.69,True,0.1961,2026,True
b681e71e,GJ Maxwell,333,331.83,1991,2602,89,7.841,22.37,3.0,7.0,13.9,0.009,32.8,True,0.1677,2026,True
df064e1a,Ravi Bishnoi,372,371.17,2227,2914,112,7.851,19.88,3.0,7.0,15.0,0.0215,36.42,True,0.1909,2026,True
ea02d56d,Ajay Kumar,45,45.0,270,354,18,7.867,15.0,2.4,7.0,14.0,0.0222,43.7,True,0.2667,2025,True
39d608d4,F O'Neill,39,38.5,231,303,10,7.87,23.1,3.0,8.0,12.2,0.0513,45.02,True,0.1538,2025,True
f29185a1,Abhishek Sharma,114,113.83,683,896,25,7.871,27.32,3.0,7.0,13.0,0.0263,35.14,True,0.1842,2026,True
e94d2d50,NA McSweeney,12,11.17,67,88,5,7.881,13.4,4.0,6.0,15.0,0.0833,29.85,True,0.1667,2025,True
d48c0f40,LA Patterson-White,11,11.67,70,92,3,7.886,23.33,3.0,8.4,13.8,0.0909,32.86,True,0.1429,2026,True
10f42013,WJ Lubbe,27,27.0,162,213,4,7.889,40.5,2.6,7.0,14.2,0.0,37.65,True,0.2222,2025,True
f3abd0c9,DR Briggs,96,87.67,526,693,27,7.905,19.48,3.0,7.2,15.0,0.0208,31.75,True,0.1429,2025,True
3b8679bf,Hunain Shah,32,31.33,188,248,12,7.915,15.67,4.0,7.5,12.0,0.0625,34.04,True,0.1562,2026,True
7f048519,DJ Willey,310,298.17,1789,2366,80,7.935,22.36,2.4,7.1,14.4,0.0323,44.1,True,0.1672,2026,True
00cda8e4,SM Elliott,16,15.83,95,126,5,7.958,19.0,3.0,7.5,12.5,0.0625,35.79,True,0.3125,2025,True
57ee1fde,YS Chahal,556,554.17,3325,4415,182,7.967,18.27,3.0,7.0,14.0,0.0288,34.71,True,0.2086,2026,True
b5a12740,M Beardman,41,41.0,246,327,16,7.976,15.38,4.0,8.0,15.0,0.0732,44.31,True,0.1707,2025,True
5574750c,JC Archer,428,411.33,2468,3283,137,7.981,18.01,2.0,7.2,15.0,0.0304,44.77,True,0.2168,2026,True
dfc4d8b5,KW Richardson,322,310.0,1860,2474,113,7.981,16.46,2.0,7.0,15.0,0.0404,40.22,True,0.1889,2025,True
2e81a32d,B Kumar,476,473.0,2838,3781,132,7.994,21.5,2.0,8.0,14.0,0.0273,43.27,True,0.2038,2026,True
2911de16,Hasan Ali,29,29.0,174,232,9,8.0,19.33,2.0,8.0,13.2,0.0,43.68,True,0.1379,2025,True
08548b13,PHKD Mendis,14,14.0,84,112,6,8.0,14.0,2.3,6.0,14.4,0.0,29.76,True,0.3571,2025,True
ff1e12a0,AJ Turner,41,39.0,234,313,11,8.026,21.27,3.0,8.0,14.0,0.0244,25.64,True,0.1395,2025,True
6dd8b88c,Usama Mir,125,121.33,728,974,37,8.027,19.68,3.0,7.0,15.36,0.032,34.75,True,0.2266,2026,True
73ad96ed,DJ Hooda,62,62.0,372,498,8,8.032,46.5,3.0,7.0,13.9,0.0,31.99,True,0.2258,2025,True
9c643d7b,JM Coles,56,55.0,330,442,16,8.036,20.62,3.3,7.2,15.6,0.0,32.73,True,0.1587,2026,True
ce820073,Sandeep Sharma,398,395.33,2372,3182,101,8.049,23.49,3.0,7.0,15.0,0.0201,37.52,True,0.201,2026,True
6a26221c,AK Markram,101,99.0,594,797,24,8.051,24.75,4.0,7.0,14.0,0.0297,31.31,True,0.1485,2026,True
3f1066d0,Waqar Salamkheil,278,273.83,1643,2205,99,8.052,16.6,2.0,7.0,15.0,0.0252,38.22,True,0.2194,2026,True
876dbe2d,DR Mousley,40,38.0,228,306,17,8.053,13.41,2.9,8.0,14.46,0.05,37.28,True,0.1667,2025,True
23eeb873,DL Chahar,377,373.17,2239,3013,111,8.074,20.17,3.0,7.0,14.0,0.0186,43.99,True,0.1989,2026,True
1f84183a,Nikhil Chaudhary,102,102.0,612,825,25,8.088,24.48,3.06,8.0,12.0,0.0196,31.05,True,0.125,2026,True
4277234d,Sufiyan Muqeem,10,10.0,60,81,4,8.1,15.0,5.9,8.0,11.1,0.1,38.33,True,0.1,2026,True
6b9eb501,OEG Baartman,155,152.0,912,1232,83,8.105,10.99,2.0,8.0,14.0,0.0903,42.87,True,0.2,2026,True
641ac5ff,IS Sodhi,89,84.33,506,685,23,8.123,22.0,2.4,7.2,16.16,0.0337,35.77,True,0.1413,2025,True
83c3e8e3,SH Johnson,216,211.83,1271,1721,66,8.124,19.26,2.0,8.0,15.0,0.0278,48.39,True,0.2227,2026,True
5bb1a1c4,I Sharma,194,192.5,1155,1565,58,8.13,19.91,3.0,8.0,14.7,0.0052,43.64,True,0.2268,2025,True
e1b9f3a9,BJ Dwarshuis,426,416.5,2499,3389,161,8.137,15.52,3.0,7.0,15.0,0.0469,41.34,True,0.2254,2026,True
b52ffbbd,FA Allen,170,169.83,1019,1386,47,8.161,21.68,3.0,7.0,14.0,0.0353,37.68,True,0.2235,2026,True
24bb1c2f,Haris Rauf,274,265.17,1591,2173,110,8.195,14.46,2.4,8.0,15.6,0.073,39.66,True,0.1855,2026,True
3c55c703,JG Bethell,19,18.5,111,152,7,8.216,15.86,2.8,8.0,15.6,0.0,29.73,True,0.1429,2025,True
8d2c70ad,Kuldeep Yadav,342,341.0,2046,2809,98,8.238,20.88,3.0,7.5,14.9,0.0351,30.94,True,0.193,2026,True
9124aa4c,Zuhaib Zubair,28,28.0,168,231,12,8.25,14.0,3.4,8.0,13.3,0.0714,34.52,True,0.1429,2025,True
e9c7f0d0,Fazalhaq Farooqi,247,244.33,1466,2016,87,8.251,16.85,3.0,7.0,15.0,0.0526,42.16,True,0.2183,2025,True
73c18486,KR Mayers,164,163.17,979,1347,39,8.255,25.1,2.0,8.0,15.7,0.0305,44.94,True,0.2439,2026,True
11061889,SR Dubey,14,12.83,77,106,5,8.26,15.4,2.3,7.5,15.7,0.0,53.25,True,0.3571,2026,True
f9e6e7ef,Shahbaz Ahmed,210,208.17,1249,1720,54,8.263,23.13,3.0,7.0,15.0,0.019,32.51,True,0.2286,2026,True
4c5d73db,CR Woakes,148,139.83,839,1157,45,8.274,18.64,2.28,8.0,15.0,0.0135,43.74,True,0.2027,2026,True
a818c1be,TA Boult,793,782.67,4696,6477,251,8.276,18.71,2.08,8.0,15.0,0.029,42.5,True,0.2306,2026,True
21d4e29b,NA Saini,180,179.67,1078,1487,36,8.276,29.94,2.9,8.0,14.1,0.0167,43.78,True,0.2111,2026,True
0ecb4de6,Rehan Ahmed,139,134.83,809,1118,42,8.292,19.26,3.6,7.8,15.0,0.0288,30.16,True,0.1688,2026,True
1a2676c5,SA Abbott,334,325.0,1950,2696,141,8.295,13.83,3.0,7.2,15.0,0.0359,39.54,True,0.2292,2025,True
f1c61793,JD Wildermuth,127,126.33,758,1049,32,8.303,23.69,3.0,7.0,15.0,0.0157,36.54,True,0.2441,2025,True
616a8149,L Pope,168,168.0,1008,1397,63,8.315,16.0,3.0,8.0,14.0,0.0536,31.35,True,0.2024,2026,True
0164b064,MG Neser,211,208.5,1251,1734,73,8.317,17.14,3.0,8.0,13.0,0.0474,39.25,True,0.1848,2025,True
22b98d7c,TW Hartley,80,73.33,440,610,31,8.318,14.19,3.6,8.4,14.4,0.075,33.18,True,0.125,2025,True
9ca68676,AM Ghazanfar,102,100.67,604,838,33,8.325,18.3,3.0,8.0,15.0,0.049,35.1,True,0.2549,2026,True
fa4f5a0b,Ali Sheikh,15,15.0,90,125,3,8.333,30.0,2.4,9.0,14.0,0.0,33.33,True,0.2,2026,True
4b31f3a3,Yash Thakur,182,178.17,1069,1485,75,8.335,14.25,2.0,8.0,15.9,0.0495,40.22,True,0.2253,2026,True
1cfac535,CP Wood,96,82.17,493,685,28,8.337,17.61,2.4,7.2,16.8,0.0312,37.93,True,0.1649,2026,True
99c81226,Zia-ul-Haq,55,55.0,330,459,14,8.345,23.57,3.4,8.0,13.0,0.0364,46.36,True,0.2545,2025,True
83d17bbc,MW Forde,104,103.0,618,860,34,8.35,18.18,2.0,7.5,16.0,0.0481,46.44,True,0.2212,2026,True
acdc62f5,A Nortje,340,335.5,2013,2803,114,8.355,17.66,3.0,8.0,15.0,0.0206,43.37,True,0.2353,2026,True
1f1b4c89,JC Tongue,78,64.33,386,538,35,8.363,11.03,2.4,8.4,13.92,0.0641,45.08,True,0.1026,2026,True
a9fd84fb,M Markande,228,226.33,1358,1894,67,8.368,20.27,3.0,7.0,15.0,0.0088,32.62,True,0.2456,2026,True
44aac2f0,Arjun Tendulkar,42,41.17,247,345,14,8.381,17.64,2.1,8.0,15.0,0.0238,45.34,True,0.3095,2026,True
898e628d,B Doggett,135,133.33,800,1118,37,8.385,21.62,3.0,8.0,15.0,0.037,39.5,True,0.1852,2025,True
5b615e7c,Raghu Sharma,26,26.0,156,218,4,8.385,39.0,4.5,7.5,14.0,0.0,28.85,True,0.2308,2026,True
0f721006,JO Holder,699,693.0,4158,5821,232,8.4,17.92,3.0,8.0,15.12,0.0401,39.73,True,0.2389,2026,True
486065b3,Hassan Khan,150,146.17,877,1228,37,8.401,23.7,3.0,7.0,16.0,0.0333,33.98,True,0.22,2026,True
4b685e2d,DW Lawrence,92,91.17,547,766,21,8.402,26.05,4.0,8.0,13.95,0.0326,31.26,True,0.1717,2026,True
c8a3f688,SN Netravalkar,161,159.67,958,1344,61,8.418,15.7,2.0,7.0,17.0,0.0497,39.77,True,0.236,2026,True
03806cf8,JR Hazlewood,216,214.0,1284,1802,77,8.421,16.68,2.0,7.0,15.5,0.037,44.24,True,0.2639,2026,True
9eb1455b,NT Ellis,472,452.5,2715,3814,148,8.429,18.34,3.6,8.0,14.0,0.036,33.96,True,0.1954,2026,True
f422728b,H Kerr,161,160.17,961,1352,58,8.441,16.57,4.0,8.0,15.0,0.0186,31.01,True,0.2174,2025,True
ee0c05c0,NA Sowter,143,129.17,775,1091,44,8.446,17.61,2.52,8.0,14.88,0.035,32.65,True,0.1554,2026,True
0a8fce53,Mustafizur Rahman,196,192.5,1155,1627,63,8.452,18.33,3.0,8.0,15.0,0.0459,38.27,True,0.2245,2025,True
f787e0eb,J Edwards,165,163.5,981,1382,58,8.453,16.91,2.4,8.0,15.0,0.0303,41.28,True,0.2788,2026,True
28d6c44d,E Bosch,137,136.0,816,1150,42,8.456,19.43,3.0,7.0,16.0,0.0438,44.24,True,0.2628,2025,True
119678fd,KV Sharma,180,178.0,1068,1508,53,8.472,20.15,3.0,8.0,15.0,0.0333,31.55,True,0.2333,2025,True
64775749,RP Meredith,411,402.5,2415,3415,147,8.484,16.43,3.0,8.0,15.0,0.0414,40.95,True,0.2403,2025,True
18fac429,SR Patel,112,105.67,634,897,33,8.489,19.21,3.0,7.2,16.62,0.0446,34.54,True,0.1795,2025,True
4167f30b,IG Holland,57,56.5,339,480,23,8.496,14.74,3.0,8.0,15.4,0.0526,33.63,True,0.193,2026,True
81c36ee9,M Jansen,441,430.5,2583,3658,135,8.497,19.13,2.0,8.0,15.0,0.0317,44.48,True,0.2313,2026,True
098a757c,Muhammad Jawadullah,62,61.5,369,524,19,8.52,19.42,3.0,8.0,15.0,0.0484,40.38,True,0.2581,2025,True
58be5e46,JA Chohan,27,25.67,154,219,5,8.532,30.8,2.76,9.0,15.24,0.0,25.97,True,0.2222,2025,True
1558d83b,GS Sandhu,161,159.67,958,1363,63,8.537,15.21,3.0,8.0,16.0,0.0435,38.83,True,0.2484,2025,True
f0a0204e,MS Crane,62,71.5,429,611,25,8.545,17.16,3.6,8.4,15.48,0.0323,33.33,True,0.1647,2026,True
b0946605,AS Joseph,402,396.83,2381,3392,130,8.548,18.32,3.0,8.0,15.0,0.0249,45.36,True,0.2537,2026,True
9440ef41,Suyash Sharma,158,157.5,945,1347,41,8.552,23.05,3.0,8.0,14.3,0.0443,34.5,True,0.2532,2026,True
12b610c2,TM Head,23,22.67,136,194,6,8.559,22.67,5.0,8.0,10.8,0.0,26.47,True,0.087,2026,True
70d57519,AAP Atkinson,103,91.83,551,786,31,8.559,17.77,2.52,8.4,14.32,0.0388,45.74,True,0.1553,2026,True
360f4e4b,GG Peters,34,33.17,199,284,13,8.563,15.31,2.3,9.0,14.0,0.0882,42.71,True,0.2941,2025,True
a4e37e47,S Dube,106,105.67,634,905,28,8.565,22.64,2.0,7.0,16.5,0.0189,30.6,True,0.2642,2026,True
0a67aec0,Akash Deep,123,122.17,733,1047,35,8.57,20.94,2.2,8.0,15.0,0.0163,42.84,True,0.2358,2025,True
245c97cb,TS Mills,232,207.33,1244,1778,83,8.576,14.99,2.46,8.0,14.94,0.0259,39.55,True,0.176,2026,True
2f49c897,Mohammed Siraj,475,473.0,2838,4057,141,8.577,20.13,2.0,8.0,15.0,0.0337,44.93,True,0.2337,2026,True
e62dd25d,K Rabada,498,495.5,2973,4250,189,8.577,15.73,3.0,8.0,15.0,0.0341,42.15,True,0.245,2026,True
695b4273,Haider Razzaq,12,12.0,72,103,2,8.583,36.0,4.0,8.5,13.9,0.0,23.61,True,0.3333,2025,True
62e203d4,Junaid Siddique,53,52.17,313,448,16,8.588,19.56,3.0,8.0,14.8,0.0943,45.05,True,0.2453,2025,True
8cf9814c,Mohammed Shami,390,389.17,2335,3342,130,8.588,17.96,2.0,8.0,16.0,0.0385,43.55,True,0.2564,2026,True
f0e293b0,Zahoor Khan,81,81.0,486,696,22,8.593,22.09,4.0,7.0,16.0,0.037,34.57,True,0.2593,2025,True
26989d80,Shashank Singh,47,47.0,282,404,15,8.596,18.8,3.0,8.0,14.4,0.0426,28.72,True,0.2553,2026,True
f834dcfc,L Ngidi,236,233.5,1401,2008,77,8.6,18.19,2.0,8.0,15.0,0.0424,41.97,True,0.2585,2026,True
61c4f340,Thomas Balkin,14,13.83,83,119,6,8.602,13.83,4.3,8.0,12.0,0.0714,38.55,True,0.2857,2025,True
28392e11,Zaman Khan,58,54.17,325,466,16,8.603,20.31,4.0,8.0,14.12,0.0345,29.85,True,0.1525,2025,True
6c79c098,DA Payne,272,256.67,1540,2208,96,8.603,16.04,2.4,8.0,15.6,0.0478,41.56,True,0.2071,2026,True
667f678b,Ghulam Mudassar,26,26.0,156,224,11,8.615,14.18,2.5,9.0,15.0,0.0,34.62,True,0.3077,2026,True
2f9d0389,LH Ferguson,376,359.83,2159,3103,112,8.623,19.28,2.4,8.0,15.0,0.0266,40.9,True,0.2447,2026,True
30df8c66,Simarjeet Singh,97,97.0,582,837,33,8.629,17.64,2.0,9.0,15.0,0.0206,47.94,True,0.2474,2025,True
7c8f533d,JS Paris,127,124.33,746,1073,41,8.63,18.2,3.0,7.0,15.0,0.0236,42.63,True,0.2362,2025,True
055be93a,HTRY Thornton,115,114.67,688,990,50,8.634,13.76,3.0,8.0,15.0,0.0696,40.41,True,0.2522,2025,True
1e66c162,JD Unadkat,350,346.83,2081,3005,110,8.664,18.92,3.0,8.0,15.0,0.0286,34.55,True,0.24,2026,True
f1f99156,TH David,66,63.33,380,549,7,8.668,54.29,3.0,8.0,15.0,0.0152,28.16,True,0.194,2026,True
8f3fde65,LC Hatcher,86,84.83,509,737,27,8.688,18.85,3.0,8.0,15.0,0.0581,39.69,True,0.2907,2025,True
d405c0d5,AM Hardie,152,148.83,893,1294,45,8.694,19.84,4.0,8.0,15.0,0.0329,33.37,True,0.2566,2026,True
caf69bf7,DR Sams,530,516.17,3097,4489,195,8.697,15.88,3.0,8.0,15.0,0.0491,35.97,True,0.2298,2026,True
7c7d63a2,AJ Tye,418,409.5,2457,3562,156,8.698,15.75,3.0,8.0,16.0,0.0383,37.61,True,0.222,2026,True
dbe38f35,Amshi de Silva,36,35.17,211,306,13,8.701,16.23,3.0,7.0,16.0,0.0278,41.23,True,0.3056,2026,True
a757b0d8,KA Pollard,234,227.67,1366,1982,68,8.706,20.09,4.0,8.0,15.0,0.0342,28.26,True,0.2009,2026,True
85e0cf10,M Prasidh Krishna,355,351.33,2108,3060,105,8.71,20.08,2.0,9.0,15.0,0.0254,42.84,True,0.2451,2026,True
6834d1f2,B Stanlake,166,165.83,995,1445,44,8.714,22.61,4.0,8.0,14.7,0.0181,39.7,True,0.247,2025,True
f655d740,CG Harrison,48,41.67,250,364,17,8.736,14.71,3.6,7.2,14.76,0.0208,27.6,True,0.16,2026,True
c0c411cb,Naveen-ul-Haq,299,295.0,1770,2582,94,8.753,18.83,2.0,8.0,16.0,0.0201,38.47,True,0.2567,2025,True
a2f46292,KK Ahmed,334,331.83,1991,2905,111,8.754,17.94,3.0,8.0,15.0,0.021,42.99,True,0.2575,2026,True
ef18b66e,Taskin Ahmed,24,23.17,139,203,9,8.763,15.44,4.3,8.0,13.4,0.0,48.2,True,0.25,2025,True
b7b09ba5,S Descarte,17,17.0,102,149,4,8.765,25.5,4.0,8.0,15.2,0.0,33.33,True,0.2941,2026,True
219cc59e,DY Pennington,12,10.83,65,95,3,8.769,21.67,1.5,7.8,18.72,0.0833,52.31,True,0.2308,2025,True
ffe699c0,CJ Jordan,541,512.17,3073,4495,160,8.776,19.21,3.0,8.0,15.6,0.0259,34.01,True,0.207,2026,True
97290faf,S Joseph,76,74.5,447,654,25,8.779,17.88,4.0,8.5,15.0,0.0395,42.73,True,0.25,2026,True
f892fcf9,L Sipamla,44,43.17,259,379,16,8.78,16.19,2.0,8.0,15.0,0.0227,40.15,True,0.2955,2026,True
11614d87,D Pretorius,289,285.33,1712,2507,102,8.786,16.78,3.0,8.4,15.0,0.0346,37.38,True,0.2699,2026,True
126e56a1,Wasim Akram,14,14.0,84,123,5,8.786,16.8,1.3,9.5,14.4,0.0,42.86,True,0.2857,2025,True
4bd09374,Akash Madhwal,124,122.0,732,1073,42,8.795,17.43,3.0,9.0,15.0,0.0403,40.03,True,0.2581,2025,True
59559bc2,J Overton,226,216.5,1299,1908,80,8.813,16.24,3.0,8.2,16.8,0.0354,37.11,True,0.214,2026,True
64839cb3,M Pathirana,193,189.33,1136,1672,67,8.831,16.96,3.0,8.0,15.0,0.0363,36.09,True,0.2591,2026,True
79f8472d,Mohammad Mohsin,66,65.83,395,582,18,8.841,21.94,3.0,7.5,15.0,0.0606,31.65,True,0.2576,2026,True
bc2d4f2e,W Sutherland,188,185.5,1113,1643,43,8.857,25.88,3.0,8.0,16.0,0.0266,36.48,True,0.2872,2025,True
244048f6,Arshdeep Singh,406,402.17,2413,3568,131,8.872,18.42,3.0,9.0,15.0,0.0296,38.21,True,0.266,2026,True
f986ca1a,HV Patel,372,365.83,2195,3248,143,8.878,15.35,3.0,8.0,15.0,0.043,34.4,True,0.2446,2026,True
c90346a0,D Jansen,56,55.83,335,496,16,8.884,20.94,3.5,8.0,15.0,0.0357,42.09,True,0.2679,2025,True
7210d461,Yash Dayal,203,201.17,1207,1789,57,8.893,21.18,3.0,8.0,16.0,0.0197,39.35,True,0.2808,2025,True
cc23e91e,JA Warrican,24,24.0,144,214,4,8.917,36.0,4.0,8.5,16.0,0.0,31.25,True,0.375,2025,True
ce794613,T Natarajan,305,301.67,1810,2692,87,8.924,20.8,3.0,9.0,15.0,0.0328,33.2,True,0.2852,2026,True
9a963804,LE Plunkett,97,95.17,571,850,31,8.932,18.42,4.0,8.0,15.4,0.0206,31.17,True,0.2371,2025,True
3b53243a,XC Bartlett,323,319.17,1915,2852,111,8.936,17.25,3.0,8.0,15.0,0.0433,39.37,True,0.2755,2026,True
9f77963a,Gulbadin Naib,28,27.17,163,243,12,8.945,13.58,2.0,8.5,16.6,0.0714,30.06,True,0.1786,2025,True
13c35c9e,TG Southee,203,193.83,1163,1735,57,8.951,20.4,3.0,8.4,15.6,0.0246,37.92,True,0.2585,2025,True
8a58f203,R Ugarkar,74,71.5,429,641,23,8.965,18.65,4.0,8.0,15.7,0.0,30.54,True,0.2162,2026,True
eef2536f,Avesh Khan,376,373.5,2241,3349,123,8.967,18.22,3.0,8.0,16.0,0.0372,38.02,True,0.2739,2026,True
e86754b2,TK Curran,430,399.67,2398,3585,146,8.97,16.42,3.0,8.0,16.0,0.0488,34.2,True,0.2251,2026,True
aa1210d8,CF Parkinson,35,36.67,220,329,12,8.973,18.33,3.6,9.6,14.16,0.0,34.55,True,0.1364,2025,True
7c3b3b78,VG Arora,200,199.0,1194,1786,66,8.975,18.09,2.0,8.5,16.0,0.035,41.54,True,0.3,2026,True
57590dbb,PI Walter,144,134.67,808,1209,50,8.978,16.16,3.72,8.4,15.6,0.0278,28.71,True,0.22,2026,True
45a7e761,Shaheen Shah Afridi,53,50.33,302,452,14,8.98,21.57,3.0,8.0,14.88,0.0189,40.73,True,0.2222,2025,True
465aa633,N Burger,183,182.33,1094,1638,54,8.984,20.26,3.0,9.0,15.0,0.0219,41.96,True,0.3115,2026,True
327b58d3,PVD Chameera,125,124.67,748,1120,36,8.984,20.78,3.0,8.0,16.6,0.032,43.05,True,0.28,2026,True
fcf6b0f6,RR Simmonds,87,85.83,515,772,27,8.994,19.07,4.0,9.0,16.0,0.023,33.01,True,0.25,2026,True
1957c6b7,LWP Wells,20,18.67,112,168,3,9.0,37.33,3.6,8.4,13.14,0.0,25.0,True,0.1364,2025,True
172dff15,C Bosch,144,142.0,852,1278,60,9.0,14.2,3.0,8.0,16.0,0.0347,39.55,True,0.3264,2026,True
9cab5daf,NRJ Young,53,50.33,302,453,14,9.0,21.57,3.0,8.0,14.0,0.0189,34.44,True,0.2453,2025,True
be24ead0,Ramandeep Singh,29,28.33,170,255,14,9.0,12.14,4.4,9.0,14.0,0.069,28.24,True,0.2759,2026,True
85b3fab2,T Stubbs,20,21.0,126,189,8,9.0,15.75,3.54,8.2,13.32,0.15,36.51,True,0.1667,2025,True
402f8494,RJ Gleeson,236,221.5,1329,1995,82,9.007,16.21,3.0,8.4,15.3,0.0297,39.05,True,0.2333,2026,True
fa433be6,M Labuschagne,29,28.17,169,254,12,9.018,14.08,3.0,7.0,18.4,0.069,29.59,True,0.2759,2025,True
c042b412,FJ Klaassen,55,52.0,312,469,17,9.019,18.35,3.0,9.0,15.6,0.0364,37.82,True,0.1607,2025,True
ded9240e,PJ Cummins,269,268.33,1610,2420,76,9.019,21.18,3.0,8.0,16.0,0.0186,38.01,True,0.2825,2026,True
15de1f5d,WA Agar,219,217.83,1307,1965,87,9.021,15.02,3.0,8.0,15.68,0.0639,39.48,True,0.3151,2025,True
d9273ee7,MP Stoinis,430,416.17,2497,3756,148,9.025,16.87,3.0,8.4,16.08,0.0419,34.96,True,0.2593,2026,True
38c276e1,N McAndrew,228,223.83,1343,2020,68,9.025,19.75,4.0,8.5,15.3,0.0351,37.83,True,0.25,2025,True
50c6bc2b,LS Livingstone,172,169.17,1015,1528,50,9.033,20.3,3.6,9.0,15.0,0.0233,28.87,True,0.2174,2026,True
529eb9e0,OC McCoy,322,316.17,1897,2857,105,9.036,18.07,3.0,8.0,16.0,0.0186,40.06,True,0.2578,2026,True
be69e09d,BL Couch,157,155.83,935,1409,46,9.042,20.33,3.0,9.0,15.0,0.0191,34.65,True,0.3057,2026,True
519c30cb,CJ Gannon,117,116.17,697,1052,37,9.056,18.84,3.0,9.0,16.0,0.0256,35.58,True,0.265,2026,True
e38bce7a,MG Bracewell,61,61.17,367,554,18,9.057,20.39,4.0,7.2,16.0,0.0492,30.79,True,0.2462,2026,True
c5aef772,R Shepherd,430,426.33,2558,3865,144,9.066,17.76,3.0,8.0,16.0,0.0442,38.94,True,0.2698,2026,True
7a490dec,C le Roux,63,62.5,375,567,15,9.072,25.0,4.0,9.0,14.8,0.0635,37.6,True,0.2857,2026,True
a0b76243,T Luus,26,26.0,156,236,9,9.077,17.33,3.5,9.5,15.5,0.0,37.18,True,0.3077,2026,True
13fc5c6d,DS Rathi,91,91.0,546,826,19,9.077,28.74,4.0,8.0,15.0,0.0,28.39,True,0.2088,2026,True
1e030637,V Puthur,12,12.0,72,109,6,9.083,12.0,5.2,8.0,14.9,0.0,33.33,True,0.25,2025,True
ded9ff1e,JNT Seales,126,124.17,745,1130,32,9.101,23.28,2.0,9.0,16.5,0.0238,42.68,True,0.3413,2026,True
65b6943c,L Wood,268,247.33,1484,2251,74,9.101,20.05,3.6,8.4,15.6,0.0261,40.36,True,0.1912,2026,True
069a5170,O Patterson,10,9.67,58,88,4,9.103,14.5,4.8,7.5,22.05,0.1,36.21,True,0.2,2025,True
aa8d28ae,D Wiese,250,242.17,1453,2207,80,9.114,18.16,2.4,9.0,16.82,0.04,34.27,True,0.252,2025,True
8db7f47f,RJW Topley,210,199.33,1196,1817,68,9.115,17.59,2.4,9.0,16.53,0.0429,41.56,True,0.2477,2026,True
a316d663,GC Viljoen,133,130.5,783,1190,50,9.119,15.66,3.0,9.0,15.8,0.015,39.85,True,0.2857,2026,True
3f659464,OP Stone,131,126.17,757,1151,43,9.123,17.6,2.0,8.0,17.0,0.0305,41.08,True,0.3008,2026,True
5ec41cd7,Jasdeep Singh,76,75.33,452,688,27,9.133,16.74,3.0,8.5,17.0,0.0395,39.16,True,0.3158,2026,True
4885bbe6,Yudhvir Singh,57,57.0,342,521,18,9.14,19.0,1.6,9.0,16.0,0.0526,44.74,True,0.3333,2025,True
7c3c0337,Auqib Nabi,50,48.0,288,439,13,9.146,22.15,4.0,8.0,16.1,0.04,36.46,True,0.28,2026,True
5750bcb4,E Malinga,94,93.0,558,851,37,9.151,15.08,3.0,9.0,16.7,0.0319,34.77,True,0.234,2026,True
80b2fb19,Prince Yadav,82,81.83,491,750,22,9.165,22.32,4.0,8.5,15.9,0.0366,36.46,True,0.2439,2026,True
b483905d,Akash Singh,64,63.17,379,579,17,9.166,22.29,3.0,9.0,15.7,0.0,38.26,True,0.25,2026,True
fb5f69e4,M Tiwari,11,11.0,66,101,4,9.182,16.5,5.0,9.0,14.0,0.0,30.3,True,0.2727,2026,True
b0eaaac6,Ali Khan,281,276.17,1657,2539,83,9.194,19.96,4.0,8.0,16.0,0.032,36.93,True,0.2811,2026,True
765a4731,Mukesh Choudhary,122,120.67,724,1110,41,9.199,17.66,4.0,8.0,16.0,0.0574,43.51,True,0.2705,2026,True
06c2de82,L Gregory,156,136.17,817,1253,37,9.202,22.08,3.6,8.4,18.0,0.0128,28.76,True,0.2038,2026,True
46a9bea1,TU Deshpande,286,283.17,1699,2606,103,9.203,16.5,3.5,8.0,16.5,0.0559,39.2,True,0.2657,2026,True
78c12883,S Baker,64,55.17,331,509,24,9.227,13.79,3.6,9.6,16.8,0.0469,40.48,True,0.1618,2026,True
1bf2fd29,KHM James,13,13.0,78,120,2,9.231,39.0,4.0,10.0,14.6,0.0,30.77,True,0.3077,2025,True
25228673,Harsh Dubey,43,43.0,258,397,15,9.233,17.2,2.4,8.0,16.8,0.0465,31.01,True,0.3256,2026,True
e94915e6,SM Curran,510,488.17,2929,4509,147,9.237,19.93,3.6,8.4,16.8,0.0275,34.04,True,0.2456,2026,True
679cd31e,SJ Cook,139,121.83,731,1126,49,9.242,14.92,3.6,7.2,18.24,0.0288,36.94,True,0.1986,2026,True
9219eff0,JDS Neesham,137,133.67,802,1237,52,9.254,15.42,3.0,8.0,17.4,0.0584,34.41,True,0.2609,2025,True
a1d95bd8,LB Williams,71,71.0,426,657,31,9.254,13.74,4.0,8.0,15.0,0.0563,41.78,True,0.2917,2025,True
cc61ee8f,Gurjapneet Singh,26,25.17,151,233,4,9.258,37.75,4.0,9.0,15.5,0.0,30.46,True,0.2308,2026,True
02dfebbe,Yash Raj Punja,30,30.0,180,279,9,9.3,20.0,4.0,9.0,15.2,0.0,27.22,True,0.3,2026,True
c5f40e35,SW Currie,71,60.83,365,566,21,9.304,17.38,3.6,8.4,13.2,0.0141,31.23,True,0.0933,2026,True
3204c99f,G Coetzee,127,125.33,752,1169,52,9.327,14.46,3.0,9.0,15.0,0.0472,42.42,True,0.3071,2025,True
210b05cb,Ehsan Adil,56,56.0,336,523,12,9.339,28.0,2.5,9.0,18.0,0.0179,38.99,True,0.2982,2026,True
dbe50b21,HH Pandya,244,242.33,1454,2265,76,9.347,19.13,3.0,9.0,17.0,0.0246,37.0,True,0.291,2026,True
b8527c3d,Rasikh Salam,116,115.0,690,1076,38,9.357,18.16,4.0,9.0,16.0,0.0517,35.51,True,0.2586,2026,True
8f6dd463,Azmatullah Omarzai,98,98.0,588,917,29,9.357,20.28,2.7,9.0,16.0,0.0306,38.44,True,0.3061,2026,True
c6097d68,O Thomas,143,142.5,855,1335,53,9.368,16.13,2.0,8.0,17.0,0.0559,47.25,True,0.3077,2025,True
60fbf53a,D Potgieter,31,31.0,186,291,15,9.387,12.4,4.0,8.0,16.0,0.0645,32.8,True,0.3548,2025,True
759ac88f,MM Sharma,193,190.83,1145,1792,58,9.39,19.74,3.0,9.0,16.0,0.0363,31.88,True,0.3057,2025,True
1d2f290a,JA Thompson,113,99.67,598,937,35,9.401,17.09,3.6,8.4,15.6,0.0177,31.1,True,0.2368,2026,True
77b1aa15,Harshit Rana,118,117.17,703,1105,42,9.431,16.74,3.0,9.0,15.3,0.0339,39.83,True,0.3051,2025,True
1abb78f8,SN Thakur,403,398.33,2390,3761,130,9.442,18.38,3.2,9.0,16.0,0.0471,35.9,True,0.3176,2026,True
be869ccf,GHS Garton,114,107.0,642,1012,34,9.458,18.88,3.18,9.0,16.8,0.0439,40.19,True,0.2712,2025,True
eaa76d3c,C Green,98,97.17,583,919,23,9.458,25.35,4.0,9.0,17.0,0.0102,36.19,True,0.2653,2026,True
ee1b6c27,N Thushara,67,66.5,399,629,21,9.459,19.0,4.0,9.0,17.0,0.0746,33.08,True,0.3284,2025,True
9a46c4e5,GD Phillips,22,20.5,123,194,6,9.463,20.5,4.0,9.5,16.98,0.0455,33.33,True,0.3182,2026,True
e871a7a1,BW Sanderson,17,16.17,97,153,4,9.464,24.25,4.56,9.6,14.88,0.0,34.02,True,0.2,2026,True
75224f22,KMA Paul,236,230.83,1385,2193,73,9.5,18.97,3.0,9.0,17.0,0.0466,36.03,True,0.3008,2026,True
0f6db197,S Mahmood,102,91.67,550,873,35,9.524,15.71,3.6,9.6,16.68,0.049,40.73,True,0.2453,2026,True
0ebb3444,L Scott,24,23.17,139,221,7,9.54,19.86,4.0,9.5,19.5,0.0,33.09,True,0.2917,2025,True
e84ac20c,MJ Henry,81,72.17,433,689,23,9.547,18.83,2.4,8.4,17.0,0.0123,40.18,True,0.3012,2026,True
894b2d25,MJ Potts,122,104.17,625,998,27,9.581,23.15,3.6,8.7,16.41,0.0164,33.76,True,0.192,2026,True
34b332d3,DC Drakes,162,158.83,953,1527,43,9.614,22.16,3.0,9.5,18.0,0.0247,36.83,True,0.3272,2026,True
7b44eb3e,Shivang Kumar,39,39.0,234,375,9,9.615,26.0,4.0,9.0,15.2,0.0,26.92,True,0.3333,2026,True
4175d211,SK Springer,95,94.83,569,912,35,9.617,16.26,3.0,8.0,17.0,0.0421,33.22,True,0.3368,2026,True
fc60e81a,B Parsons,12,11.33,68,109,7,9.618,9.71,3.1,9.5,18.5,0.0,27.94,True,0.3333,2025,True
201facae,N Mokoena,32,32.0,192,308,13,9.625,14.77,3.1,9.0,16.0,0.0312,38.54,True,0.3438,2025,True
b1ad996b,MP Yadav,46,45.17,271,435,12,9.631,22.58,3.5,8.0,16.5,0.0217,42.44,True,0.3043,2026,True
36619795,Zeeshan Ansari,39,37.83,227,365,6,9.648,37.83,4.0,10.0,15.0,0.0256,24.67,True,0.2821,2025,True
280fff14,Sakib Hussain,46,46.0,276,444,19,9.652,14.53,4.0,8.0,18.0,0.0435,34.42,True,0.3043,2026,True
fcc21ace,A Kamboj,94,92.83,557,897,37,9.662,15.05,2.3,9.0,15.7,0.0319,41.47,True,0.3298,2026,True
f2397e48,Codi Yusuf,25,23.67,142,229,5,9.676,28.4,4.0,9.0,16.6,0.0,32.39,True,0.28,2025,True
db481029,Sunny Patel,32,32.0,192,310,5,9.688,38.4,4.1,9.0,14.9,0.0,28.12,True,0.3125,2026,True
abb7c76c,Abrar Ahmed,30,27.83,167,270,5,9.701,33.4,3.96,8.1,17.16,0.0333,27.54,True,0.2188,2026,True
bbd41817,AD Russell,643,628.5,3771,6105,233,9.714,16.18,4.0,9.0,16.8,0.0327,34.37,True,0.3152,2026,True
9b327948,Faisal Khan Ahmadzai,12,12.0,72,117,3,9.75,24.0,1.7,10.5,14.8,0.0,41.67,True,0.4167,2026,True
872b03f7,A Badoni,15,13.83,83,135,6,9.759,13.83,4.4,9.0,15.8,0.0667,22.89,True,0.2667,2026,True
5d2eea49,Kartik Tyagi,142,139.5,837,1362,36,9.763,23.25,3.0,10.0,16.0,0.0141,39.43,True,0.338,2026,True
7bc29ffb,CA Dry,35,35.0,210,343,9,9.8,23.33,3.4,8.0,17.0,0.0,36.67,True,0.2857,2025,True
da4a1e46,M Spoors,11,11.0,66,108,2,9.818,33.0,4.0,9.0,15.0,0.0,31.82,True,0.3636,2025,True
cad40f5e,BA Carse,81,73.83,443,725,22,9.819,20.14,3.6,9.0,19.2,0.0123,38.83,True,0.2471,2026,True
5ffc0565,V Nigam,50,50.0,300,491,13,9.82,23.08,4.0,10.0,16.0,0.0,31.33,True,0.32,2026,True
97b0e4ff,SC van Schalkwyk,103,101.83,611,1005,35,9.869,17.46,4.0,9.0,17.8,0.0583,33.22,True,0.3398,2026,True
133bbd61,Brijesh Sharma,47,45.5,273,450,14,9.89,19.5,4.0,9.0,18.4,0.0426,31.87,True,0.3404,2026,True
23f94c02,J Drysdale,17,16.17,97,160,3,9.897,32.33,4.0,10.0,19.8,0.0,31.96,True,0.2353,2025,True
2cffab74,Mukesh Kumar,181,179.33,1076,1775,55,9.898,19.56,4.0,9.0,16.0,0.0497,36.52,True,0.326,2026,True
54e52590,Vijaykumar Vyshak,123,122.5,735,1217,37,9.935,19.86,4.0,9.0,17.8,0.0488,31.84,True,0.3415,2026,True
8abdf100,CJ Anderson,39,34.17,205,341,12,9.98,17.08,3.8,10.0,16.4,0.0,32.68,True,0.2564,2026,True
3fb19989,MA Starc,123,121.83,731,1217,52,9.989,14.06,3.2,9.0,16.8,0.0894,41.31,True,0.3333,2026,True
bdf7a718,W Prestwidge,21,19.5,117,195,8,10.0,14.62,6.0,9.0,20.0,0.0476,37.61,True,0.2381,2025,True
fa2f1dde,K Khejroliya,37,36.17,217,362,8,10.009,27.12,4.0,9.0,17.0,0.0,32.72,True,0.3514,2026,True
c96f6ac5,PWA Mulder,88,86.17,517,864,22,10.027,23.5,4.0,10.0,16.0,0.0114,35.2,True,0.4091,2026,True
fe2ac1a8,TE Lawes,33,27.5,165,276,8,10.036,20.62,4.8,9.6,15.6,0.0303,31.52,True,0.1515,2026,True
dadbdb68,JA Duffy,48,44.0,264,443,17,10.068,15.53,4.0,9.6,16.86,0.0208,42.42,True,0.2917,2026,True
74a274cc,TG Helm,68,56.67,340,573,25,10.112,13.6,2.82,9.6,18.0,0.0441,36.76,True,0.2319,2026,True
68c56d09,KA Jamieson,50,50.0,300,506,16,10.12,18.75,3.9,9.0,20.0,0.02,38.67,True,0.36,2026,True
e2ee90d9,MA Aponso,12,12.0,72,122,1,10.167,72.0,3.2,8.0,21.2,0.0,37.5,True,0.3333,2026,True
23cca426,OF Smith,174,170.67,1024,1738,61,10.184,16.79,3.0,9.0,18.7,0.0632,38.77,True,0.3391,2026,True
8ae98a8e,JS Louis,22,21.33,128,218,7,10.219,18.29,2.66,9.0,17.7,0.0909,34.38,True,0.4091,2026,True
de7d833e,D Madushanka,35,34.67,208,355,8,10.24,26.0,5.0,9.0,17.2,0.0,33.17,True,0.3429,2026,True
a557333b,VO Lawes,27,27.0,162,277,8,10.259,20.25,3.8,10.0,15.4,0.0741,29.63,True,0.4074,2026,True
f2c936d7,MJ Owen,116,112.83,677,1158,41,10.263,16.51,4.0,9.0,21.0,0.0517,30.58,True,0.3017,2026,True
4751caa3,CBRLS Kumara,28,28.0,168,288,12,10.286,14.0,3.7,9.5,16.3,0.0357,35.12,True,0.4286,2026,True
a6bab2a9,K Gore,11,10.17,61,105,3,10.328,20.33,4.0,9.0,12.0,0.0,34.43,True,0.1818,2026,True
45a62071,T Hinds,64,62.0,372,642,20,10.355,18.6,4.0,10.0,19.7,0.0469,32.8,True,0.375,2026,True
8e514b4c,Abdul Samad,21,19.5,117,202,3,10.359,39.0,6.0,9.0,20.0,0.0,24.79,True,0.1905,2026,True
083e01d9,Matiullah Khan,20,18.67,112,194,5,10.393,22.4,4.0,9.0,18.0,0.0,33.04,True,0.3,2025,True
d014d5ac,SE Rutherford,32,31.83,191,334,9,10.492,21.22,5.0,9.0,18.8,0.0312,28.27,True,0.375,2026,True
107c26fb,KT Maphaka,62,61.33,368,644,12,10.5,30.67,4.0,10.0,18.0,0.0161,38.32,True,0.3387,2025,True
9c1b1f4b,A Desai,11,11.0,66,116,5,10.545,13.2,7.0,10.0,20.0,0.0,34.85,True,0.2727,2025,True
025c4400,MJ Suthar,11,11.0,66,116,2,10.545,33.0,4.0,9.0,15.0,0.0,31.82,True,0.4545,2026,True
442461fa,M Perry,14,13.17,79,140,4,10.633,19.75,5.0,11.5,20.2,0.0,31.65,True,0.4286,2025,True
af4a9a0a,J Blades,23,21.5,129,229,7,10.651,18.43,5.0,10.0,20.2,0.0,39.53,True,0.3043,2026,True
650d5e49,R Powell,62,60.0,360,640,17,10.667,21.18,5.0,10.0,18.0,0.0161,27.22,True,0.3871,2026,True
3ff033bb,MD Shanaka,49,46.5,279,499,17,10.731,16.41,5.8,10.0,16.4,0.0408,26.88,True,0.3673,2026,True
d45c29b1,Ashwani Kumar,36,35.5,213,384,18,10.817,11.83,3.0,9.0,21.5,0.0556,32.39,True,0.3611,2026,True
970ddd24,Suryansh Shedge,11,11.0,66,119,5,10.818,13.2,5.0,9.0,16.0,0.0,21.21,True,0.3636,2025,True
50c09020,Ashok Sharma,21,21.0,126,228,6,10.857,21.0,4.0,11.0,19.0,0.0,42.86,True,0.4286,2026,True
aad0c365,Nithish Kumar Reddy,56,55.17,331,599,13,10.858,25.46,4.5,11.0,17.0,0.0,29.91,True,0.4464,2026,True
0a4c6dfd,Arshad Khan,68,64.0,384,700,18,10.938,21.33,3.7,10.5,21.0,0.0,38.02,True,0.3824,2026,True
1cc0a83d,J Hull,21,18.33,110,201,3,10.964,36.67,6.0,10.8,16.8,0.0,31.82,True,0.2273,2025,True
c672e80e,J Clark,20,16.67,100,183,6,10.98,16.67,3.36,11.4,16.8,0.0,33.0,True,0.4,2026,True
aa47439d,Ibrar Ahmad,18,18.0,108,203,4,11.278,27.0,4.7,8.5,19.9,0.0,28.7,True,0.4211,2025,True
267468de,N Edward,24,22.67,136,257,10,11.338,13.6,4.95,9.0,21.7,0.0833,35.29,True,0.2917,2026,True
eade4650,DJ Mitchell,28,25.0,150,287,6,11.48,25.0,3.0,12.0,18.3,0.0,23.33,True,0.4643,2025,True
51ec3919,T Vijay,10,10.0,60,116,3,11.6,20.0,5.0,12.0,18.0,0.0,25.0,True,0.5,2026,True
ece7b6b3,PP Hinge,26,26.0,156,305,14,11.731,11.14,4.5,10.5,22.5,0.0385,40.38,True,0.5,2026,True
82c10dac,Abhinandan Singh,10,9.67,58,122,3,12.621,19.33,4.45,13.0,16.8,0.0,25.86,True,0.6,2026,True
cb9b8664,W O'Rourke,11,10.33,62,132,6,12.774,10.33,4.0,14.0,21.0,0.1818,24.19,True,0.5455,2025,True
15b39832,R Hadley,12,11.33,68,145,2,12.794,34.0,8.1,10.5,17.7,0.0833,27.94,True,0.3333,2025,True
28217d89,ML Revis,14,11.67,70,153,2,13.114,35.0,8.4,11.4,20.04,0.0,15.71,True,0.2857,2026,True
037429dc,L Haskett,16,16.0,96,210,3,13.125,32.0,8.0,13.5,18.5,0.0,21.88,True,0.5625,2025,True
29182be9,K Gaston,23,22.67,136,304,5,13.412,27.2,7.2,13.5,17.0,0.0435,28.68,True,0.6087,2026,True
55ed4228,M Clarke,10,10.0,60,139,0,13.9,,10.8,13.0,17.4,0.0,28.33,True,0.7,2026,True
