bowler_canonical_id,bowler_canonical_name,season,overs,legal_balls,runs,wickets,economy,strike_rate,qualified
872b03f7,A Badoni,2022,2,12,11,2,5.5,6.0,False
872b03f7,A Badoni,2023,1,1,0,0,0.0,,False
872b03f7,A Badoni,2024,2,12,25,0,12.5,,False
872b03f7,A Badoni,2025,2,10,13,2,7.8,5.0,False
872b03f7,A Badoni,2026,1,6,14,0,14.0,,False
5b16a806,A Dananjaya,2018,4,24,47,0,11.75,,False
fcc21ace,A Kamboj,2024,10,60,114,2,11.4,30.0,True
fcc21ace,A Kamboj,2025,22,129,172,8,8.0,16.12,True
fcc21ace,A Kamboj,2026,51,302,530,21,10.53,14.38,True
6b19d823,A Mishra,2018,37,222,264,12,7.135,18.5,True
6b19d823,A Mishra,2019,40,240,270,11,6.75,21.82,True
6b19d823,A Mishra,2020,10,60,72,3,7.2,20.0,True
6b19d823,A Mishra,2021,14,84,109,6,7.786,14.0,True
6b19d823,A Mishra,2023,19,114,149,7,7.842,16.29,True
6b19d823,A Mishra,2024,2,12,20,1,10.0,12.0,False
acdc62f5,A Nortje,2020,62,366,512,22,8.393,16.64,True
acdc62f5,A Nortje,2021,31,182,187,12,6.165,15.17,True
acdc62f5,A Nortje,2022,23,134,217,9,9.716,14.89,True
acdc62f5,A Nortje,2023,40,240,364,10,9.1,24.0,True
acdc62f5,A Nortje,2024,22,132,294,7,13.364,18.86,True
acdc62f5,A Nortje,2025,7,42,83,1,11.857,42.0,False
acdc62f5,A Nortje,2026,4,24,39,0,9.75,,False
14f96089,A Zampa,2020,11,66,92,2,8.364,33.0,True
14f96089,A Zampa,2023,22,132,188,8,8.545,16.5,True
14f96089,A Zampa,2025,8,48,94,2,11.75,24.0,False
bbd41817,AD Russell,2018,38,227,355,13,9.383,17.46,True
bbd41817,AD Russell,2019,31,181,287,11,9.514,16.45,True
bbd41817,AD Russell,2020,18,108,175,6,9.722,18.0,True
bbd41817,AD Russell,2021,19,114,188,11,9.895,10.36,True
bbd41817,AD Russell,2022,30,169,278,17,9.87,9.94,True
bbd41817,AD Russell,2023,16,91,172,7,11.341,13.0,True
bbd41817,AD Russell,2024,31,176,295,19,10.057,9.26,True
bbd41817,AD Russell,2025,19,109,217,8,11.945,13.62,True
350bb1b1,AF Milne,2021,14,84,131,3,9.357,28.0,True
350bb1b1,AF Milne,2022,3,15,19,0,7.6,,False
350bb1b1,AF Milne,2026,4,20,41,0,12.3,,False
4d7f517e,AJ Hosein,2023,4,24,40,1,10.0,24.0,False
4d7f517e,AJ Hosein,2026,25,148,198,8,8.027,18.5,True
7c7d63a2,AJ Tye,2018,56,336,448,24,8.0,14.0,True
7c7d63a2,AJ Tye,2019,22,132,233,3,10.591,44.0,True
7c7d63a2,AJ Tye,2020,4,24,50,1,12.5,24.0,False
7c7d63a2,AJ Tye,2022,11,66,107,2,9.727,33.0,True
6a26221c,AK Markram,2021,4,24,23,0,5.75,,False
6a26221c,AK Markram,2022,6,36,64,1,10.667,36.0,False
6a26221c,AK Markram,2023,9,49,70,1,8.571,49.0,False
6a26221c,AK Markram,2024,2,12,15,0,7.5,,False
6a26221c,AK Markram,2025,11,66,102,4,9.273,16.5,True
6a26221c,AK Markram,2026,7,36,83,0,13.833,,False
9ca68676,AM Ghazanfar,2026,39,233,389,15,10.017,15.53,True
2e171977,AR Patel,2018,26,156,218,3,8.385,52.0,True
2e171977,AR Patel,2019,51,306,364,10,7.137,30.6,True
2e171977,AR Patel,2020,51,306,327,9,6.412,34.0,True
2e171977,AR Patel,2021,46,276,306,15,6.652,18.4,True
2e171977,AR Patel,2022,43,258,321,6,7.465,43.0,True
2e171977,AR Patel,2023,47,282,338,11,7.191,25.64,True
2e171977,AR Patel,2024,44,264,337,11,7.659,24.0,True
2e171977,AR Patel,2025,36,216,313,5,8.694,43.2,True
2e171977,AR Patel,2026,44,264,360,11,8.182,24.0,True
b0946605,AS Joseph,2019,9,52,87,6,10.038,8.67,False
b0946605,AS Joseph,2022,30,180,264,7,8.8,25.71,True
b0946605,AS Joseph,2023,24,144,225,7,9.375,20.57,True
b0946605,AS Joseph,2024,10,58,115,1,11.897,58.0,True
db31895a,AS Rajpoot,2018,27,157,223,11,8.522,14.27,True
db31895a,AS Rajpoot,2019,16,96,152,3,9.5,32.0,True
db31895a,AS Rajpoot,2020,17,102,199,2,11.706,51.0,True
e4cdf230,AS Roy,2019,2,12,11,1,5.5,12.0,False
e4cdf230,AS Roy,2022,7,42,55,1,7.857,42.0,False
e4cdf230,AS Roy,2023,8,48,65,3,8.125,16.0,False
e4cdf230,AS Roy,2024,6,34,60,0,10.588,,False
e4cdf230,AS Roy,2025,4,24,27,1,6.75,24.0,False
e4cdf230,AS Roy,2026,28,163,261,9,9.607,18.11,True
249d60c9,AU Rashid,2021,3,18,35,0,11.667,,False
249d60c9,AU Rashid,2023,7,42,56,2,8.0,21.0,False
8e514b4c,Abdul Samad,2020,7,42,96,1,13.714,42.0,False
8e514b4c,Abdul Samad,2021,1,6,9,1,9.0,6.0,False
8e514b4c,Abdul Samad,2022,1,6,8,0,8.0,,False
8e514b4c,Abdul Samad,2025,1,2,6,0,18.0,,False
8e514b4c,Abdul Samad,2026,1,1,6,0,36.0,,False
82c10dac,Abhinandan Singh,2026,10,58,122,3,12.621,19.33,True
f29185a1,Abhishek Sharma,2019,2,12,21,1,10.5,12.0,False
f29185a1,Abhishek Sharma,2020,10,60,91,2,9.1,30.0,True
f29185a1,Abhishek Sharma,2021,10,60,64,4,6.4,15.0,True
f29185a1,Abhishek Sharma,2022,4,24,38,0,9.5,,False
f29185a1,Abhishek Sharma,2023,12,72,124,2,10.333,36.0,True
f29185a1,Abhishek Sharma,2024,7,42,51,2,7.286,21.0,False
f29185a1,Abhishek Sharma,2025,11,66,112,0,10.182,,True
f29185a1,Abhishek Sharma,2026,5,29,49,0,10.138,,False
0a67aec0,Akash Deep,2022,19,113,205,5,10.885,22.6,True
0a67aec0,Akash Deep,2023,5,30,59,1,11.8,30.0,False
0a67aec0,Akash Deep,2024,4,21,55,1,15.714,21.0,False
0a67aec0,Akash Deep,2025,19,114,229,3,12.053,38.0,True
4bd09374,Akash Madhwal,2023,26,153,219,14,8.588,10.93,True
4bd09374,Akash Madhwal,2024,19,109,205,5,11.284,21.8,True
4bd09374,Akash Madhwal,2025,15,90,166,4,11.067,22.5,True
b483905d,Akash Singh,2021,4,24,39,0,9.75,,False
b483905d,Akash Singh,2023,19,114,188,5,9.895,22.8,True
b483905d,Akash Singh,2025,12,67,99,4,8.866,16.75,True
b483905d,Akash Singh,2026,7,42,80,4,11.429,10.5,False
378daa89,Aman Hakim Khan,2022,1,6,13,0,13.0,,False
24d94623,Ankit Sharma,2018,1,6,11,0,11.0,,False
69be866a,Anureet Singh,2018,4,24,42,1,10.5,24.0,False
44aac2f0,Arjun Tendulkar,2023,10,59,92,3,9.356,19.67,True
44aac2f0,Arjun Tendulkar,2024,3,14,22,0,9.429,,False
44aac2f0,Arjun Tendulkar,2026,4,24,36,1,9.0,24.0,False
0a4c6dfd,Arshad Khan,2023,16,85,190,5,13.412,17.0,True
0a4c6dfd,Arshad Khan,2024,9,49,90,1,11.02,49.0,False
0a4c6dfd,Arshad Khan,2025,21,126,217,6,10.333,21.0,True
0a4c6dfd,Arshad Khan,2026,18,104,172,6,9.923,17.33,True
12314277,Arshad Khan (2),2024,2,12,24,0,12.0,,False
244048f6,Arshdeep Singh,2019,10,60,109,3,10.9,20.0,True
244048f6,Arshdeep Singh,2020,25,149,218,9,8.779,16.56,True
244048f6,Arshdeep Singh,2021,42,248,342,18,8.274,13.78,True
244048f6,Arshdeep Singh,2022,50,300,385,10,7.7,30.0,True
244048f6,Arshdeep Singh,2023,51,305,493,17,9.698,17.94,True
244048f6,Arshdeep Singh,2024,52,302,505,19,10.033,15.89,True
244048f6,Arshdeep Singh,2025,59,350,518,21,8.88,16.67,True
244048f6,Arshdeep Singh,2026,53,318,541,14,10.208,22.71,True
50c09020,Ashok Sharma,2026,21,126,228,6,10.857,21.0,True
d45c29b1,Ashwani Kumar,2025,21,123,232,11,11.317,11.18,True
d45c29b1,Ashwani Kumar,2026,10,60,102,6,10.2,10.0,True
1ac746c8,Atharva Taide,2024,1,1,4,0,24.0,,False
7c3c0337,Auqib Nabi,2026,13,78,149,0,11.462,,True
eef2536f,Avesh Khan,2018,19,114,204,4,10.737,28.5,True
eef2536f,Avesh Khan,2019,3,18,30,0,10.0,,False
eef2536f,Avesh Khan,2020,4,24,42,0,10.5,,False
eef2536f,Avesh Khan,2021,61,366,450,24,7.377,15.25,True
eef2536f,Avesh Khan,2022,48,286,416,18,8.727,15.89,True
eef2536f,Avesh Khan,2023,29,174,283,8,9.759,21.75,True
eef2536f,Avesh Khan,2024,55,329,526,19,9.593,17.32,True
eef2536f,Avesh Khan,2025,48,284,487,13,10.289,21.85,True
eef2536f,Avesh Khan,2026,25,148,273,6,11.068,24.67,True
8f6dd463,Azmatullah Omarzai,2024,21,126,186,4,8.857,31.5,True
8f6dd463,Azmatullah Omarzai,2025,27,162,279,8,10.333,20.25,True
8f6dd463,Azmatullah Omarzai,2026,11,66,103,3,9.364,22.0,True
2e81a32d,B Kumar,2018,47,277,354,9,7.668,30.78,True
2e81a32d,B Kumar,2019,59,354,461,13,7.814,27.23,True
2e81a32d,B Kumar,2020,15,85,99,3,6.988,28.33,True
2e81a32d,B Kumar,2021,42,252,335,6,7.976,42.0,True
2e81a32d,B Kumar,2022,53,313,383,12,7.342,26.08,True
2e81a32d,B Kumar,2023,51,306,425,16,8.333,19.12,True
2e81a32d,B Kumar,2024,57,342,533,11,9.351,31.09,True
2e81a32d,B Kumar,2025,52,312,483,17,9.288,18.35,True
2e81a32d,B Kumar,2026,63,378,501,28,7.952,13.5,True
b2a79f17,B Laughlin,2018,21,126,211,9,10.048,14.0,True
449f4e3c,B Muzarabani,2026,7,42,75,4,10.714,10.5,False
6834d1f2,B Stanlake,2018,16,96,130,5,8.125,19.2,True
e087956b,BA Stokes,2018,37,222,303,8,8.189,27.75,True
e087956b,BA Stokes,2019,17,101,189,6,11.228,16.83,True
e087956b,BA Stokes,2020,15,90,154,2,10.267,45.0,True
e087956b,BA Stokes,2021,1,6,12,0,12.0,,False
e087956b,BA Stokes,2023,1,6,18,0,18.0,,False
d8b2f218,BB Sran,2018,22,132,229,4,10.409,33.0,True
d8b2f218,BB Sran,2019,4,24,51,0,12.75,,False
2e11c706,BCJ Cutting,2018,17,102,168,2,9.882,51.0,True
2e11c706,BCJ Cutting,2019,2,12,27,1,13.5,12.0,False
e1b9f3a9,BJ Dwarshuis,2026,4,24,51,1,12.75,24.0,False
871e9faf,Basil Thampi,2018,11,61,114,5,11.213,12.2,True
871e9faf,Basil Thampi,2019,12,72,110,0,9.167,,True
871e9faf,Basil Thampi,2020,4,24,46,1,11.5,24.0,False
871e9faf,Basil Thampi,2022,16,96,152,5,9.5,19.2,True
133bbd61,Brijesh Sharma,2026,47,273,450,14,9.89,19.5,True
172dff15,C Bosch,2025,7,42,55,1,7.857,42.0,False
172dff15,C Bosch,2026,21,121,195,12,9.669,10.08,True
eaa76d3c,C Green,2023,38,228,361,6,9.5,38.0,True
eaa76d3c,C Green,2024,36,211,303,10,8.616,21.1,True
eaa76d3c,C Green,2026,22,132,234,7,10.636,18.86,True
2cdce1be,C Sakariya,2021,52,312,426,14,8.192,22.29,True
2cdce1be,C Sakariya,2022,11,66,84,3,7.636,22.0,True
2cdce1be,C Sakariya,2023,8,48,89,3,11.125,16.0,False
2cdce1be,C Sakariya,2025,3,18,39,0,13.0,,False
94d7f855,C de Grandhomme,2018,15,90,129,2,8.6,45.0,True
94d7f855,C de Grandhomme,2019,5,30,55,0,11.0,,False
db584dad,CH Gayle,2020,1,5,5,0,6.0,,False
fb66ce1f,CH Morris,2018,14,84,143,3,10.214,28.0,True
fb66ce1f,CH Morris,2019,33,198,306,13,9.273,15.23,True
fb66ce1f,CH Morris,2020,32,190,210,11,6.632,17.27,True
fb66ce1f,CH Morris,2021,41,246,376,15,9.171,16.4,True
8abdf100,CJ Anderson,2018,9,52,115,3,13.269,17.33,False
1cb14aa4,CJ Dala,2018,3,18,34,0,11.333,,False
19b9f399,CJ Green,2020,3,17,24,0,8.471,,False
ffe699c0,CJ Jordan,2018,4,24,31,0,7.75,,False
ffe699c0,CJ Jordan,2020,32,189,304,9,9.651,21.0,True
ffe699c0,CJ Jordan,2021,12,72,96,4,8.0,18.0,True
ffe699c0,CJ Jordan,2022,13,77,135,2,10.519,38.5,True
ffe699c0,CJ Jordan,2023,22,132,237,3,10.773,44.0,True
e342e5fb,CR Brathwaite,2018,11,61,94,5,9.246,12.2,True
e342e5fb,CR Brathwaite,2019,3,18,29,0,9.667,,False
4c5d73db,CR Woakes,2018,19,110,190,8,10.364,13.75,True
4c5d73db,CR Woakes,2021,11,66,82,5,7.455,13.2,True
5b7ab5a9,CV Varun,2019,3,18,35,1,11.667,18.0,False
5b7ab5a9,CV Varun,2020,52,312,356,17,6.846,18.35,True
5b7ab5a9,CV Varun,2021,68,408,448,18,6.588,22.67,True
5b7ab5a9,CV Varun,2022,39,234,332,6,8.513,39.0,True
5b7ab5a9,CV Varun,2023,53,316,429,20,8.146,15.8,True
5b7ab5a9,CV Varun,2024,50,300,402,21,8.04,14.29,True
5b7ab5a9,CV Varun,2025,50,300,383,17,7.66,17.65,True
5b7ab5a9,CV Varun,2026,41,246,360,11,8.78,22.36,True
844e79d1,D Brevis,2022,1,3,8,1,16.0,3.0,False
f0af99a7,D Ferreira,2026,3,18,41,1,13.667,18.0,False
c90346a0,D Jansen,2023,4,24,53,1,13.25,24.0,False
de7d833e,D Madushanka,2026,4,24,36,1,9.0,24.0,False
11614d87,D Pretorius,2022,21,126,210,6,10.0,21.0,True
11614d87,D Pretorius,2023,4,24,28,0,7.0,,False
aa8d28ae,D Wiese,2023,3,18,38,0,12.667,,False
6c79c098,DA Payne,2026,5,30,70,2,14.0,15.0,False
dcce6f09,DA Warner,2020,1,1,2,0,12.0,,False
cd8d2859,DG Nalkande,2022,6,31,59,2,11.419,15.5,False
cd8d2859,DG Nalkande,2023,4,24,44,1,11.0,24.0,False
cd8d2859,DG Nalkande,2024,5,29,45,3,9.31,9.67,False
87e562a9,DJ Bravo,2018,54,321,533,14,9.963,22.93,True
87e562a9,DJ Bravo,2019,42,247,330,11,8.016,22.45,True
87e562a9,DJ Bravo,2020,21,126,180,6,8.571,21.0,True
87e562a9,DJ Bravo,2021,34,202,263,14,7.812,14.43,True
87e562a9,DJ Bravo,2022,35,206,299,16,8.709,12.88,True
73ad96ed,DJ Hooda,2018,3,18,24,0,8.0,,False
73ad96ed,DJ Hooda,2019,2,12,21,1,10.5,12.0,False
73ad96ed,DJ Hooda,2020,1,6,9,0,9.0,,False
73ad96ed,DJ Hooda,2021,16,96,136,2,8.5,48.0,True
73ad96ed,DJ Hooda,2022,4,24,43,1,10.75,24.0,False
73ad96ed,DJ Hooda,2023,1,6,8,0,8.0,,False
73ad96ed,DJ Hooda,2024,3,18,22,0,7.333,,False
73ad96ed,DJ Hooda,2025,1,6,15,0,15.0,,False
eade4650,DJ Mitchell,2022,2,12,27,0,13.5,,False
eade4650,DJ Mitchell,2024,6,36,70,1,11.667,36.0,False
7f048519,DJ Willey,2018,10,60,95,2,9.5,30.0,True
7f048519,DJ Willey,2022,11,66,72,1,6.545,66.0,True
7f048519,DJ Willey,2023,15,90,105,3,7.0,30.0,True
1a156c88,DJM Short,2018,3,18,19,1,6.333,18.0,False
23eeb873,DL Chahar,2018,39,229,278,10,7.284,22.9,True
23eeb873,DL Chahar,2019,65,387,482,22,7.473,17.59,True
23eeb873,DL Chahar,2020,52,312,396,12,7.615,26.0,True
23eeb873,DL Chahar,2021,54,324,451,14,8.352,23.14,True
23eeb873,DL Chahar,2023,34,204,297,13,8.735,15.69,True
23eeb873,DL Chahar,2024,25,141,202,5,8.596,28.2,True
23eeb873,DL Chahar,2025,41,246,376,11,9.171,22.36,True
23eeb873,DL Chahar,2026,26,153,265,8,10.392,19.12,True
caf69bf7,DR Sams,2020,12,72,114,0,9.5,,True
caf69bf7,DR Sams,2021,6,36,39,1,6.5,36.0,False
caf69bf7,DR Sams,2022,42,252,370,13,8.81,19.38,True
d2a989fc,DS Kulkarni,2018,20,119,188,4,9.479,29.75,True
d2a989fc,DS Kulkarni,2019,35,210,335,6,9.571,35.0,True
d2a989fc,DS Kulkarni,2020,3,18,22,0,7.333,,False
d2a989fc,DS Kulkarni,2021,4,24,48,0,12.0,,False
13fc5c6d,DS Rathi,2025,52,312,429,14,8.25,22.29,True
13fc5c6d,DS Rathi,2026,39,234,397,5,10.179,46.8,True
2a2e6343,DT Christian,2018,12,71,101,4,8.535,17.75,True
2a2e6343,DT Christian,2021,17,100,155,4,9.3,25.0,True
8fd1a8f5,DW Steyn,2019,8,48,69,4,8.625,12.0,False
8fd1a8f5,DW Steyn,2020,12,70,133,1,11.4,70.0,True
5750bcb4,E Malinga,2025,27,160,238,13,8.925,12.31,True
5750bcb4,E Malinga,2026,55,326,507,20,9.331,16.3,True
b52ffbbd,FA Allen,2021,11,66,90,1,8.182,66.0,True
b52ffbbd,FA Allen,2022,4,24,46,1,11.5,24.0,False
e9c7f0d0,Fazalhaq Farooqi,2022,12,72,110,2,9.167,36.0,True
e9c7f0d0,Fazalhaq Farooqi,2023,14,80,117,4,8.775,20.0,True
e9c7f0d0,Fazalhaq Farooqi,2025,17,102,210,0,12.353,,True
3204c99f,G Coetzee,2024,34,201,341,13,10.179,15.46,True
3204c99f,G Coetzee,2025,12,72,131,2,10.917,36.0,True
a316d663,GC Viljoen,2019,23,138,222,7,9.652,19.71,True
9a46c4e5,GD Phillips,2021,2,12,20,1,10.0,12.0,False
9a46c4e5,GD Phillips,2023,3,18,20,1,6.667,18.0,False
e5437608,GF Linde,2026,7,37,55,1,8.919,37.0,False
94253925,GH Vihari,2019,1,6,9,0,9.0,,False
be869ccf,GHS Garton,2021,15,90,135,3,9.0,30.0,True
b681e71e,GJ Maxwell,2018,16,96,132,5,8.25,19.2,True
b681e71e,GJ Maxwell,2020,21,126,169,3,8.048,42.0,True
b681e71e,GJ Maxwell,2021,16,96,135,3,8.438,32.0,True
b681e71e,GJ Maxwell,2022,24,144,165,6,6.875,24.0,True
b681e71e,GJ Maxwell,2023,11,62,94,3,9.097,20.67,True
b681e71e,GJ Maxwell,2024,16,96,129,6,8.062,16.0,True
b681e71e,GJ Maxwell,2025,13,78,110,4,8.462,19.5,True
9f77963a,Gulbadin Naib,2024,1,6,12,0,12.0,,False
cc61ee8f,Gurjapneet Singh,2026,26,151,233,4,9.258,37.75,True
99258814,Gurnoor Brar,2023,3,18,42,0,14.0,,False
52294a79,H Sharma,2023,3,18,28,0,9.333,,False
52294a79,H Sharma,2024,2,12,29,0,14.5,,False
e412cb64,HF Gurney,2019,27,162,238,7,8.815,23.14,True
dbe50b21,HH Pandya,2018,43,256,381,18,8.93,14.22,True
dbe50b21,HH Pandya,2019,43,255,390,14,9.176,18.21,True
dbe50b21,HH Pandya,2022,31,183,222,8,7.279,22.88,True
dbe50b21,HH Pandya,2023,25,150,228,3,9.12,50.0,True
dbe50b21,HH Pandya,2024,36,216,387,11,10.75,19.64,True
dbe50b21,HH Pandya,2025,35,210,342,14,9.771,15.0,True
dbe50b21,HH Pandya,2026,23,136,259,4,11.426,34.0,True
0c9652b0,HR Shokeen,2022,15,90,127,2,8.467,45.0,True
0c9652b0,HR Shokeen,2023,19,114,187,3,9.842,38.0,True
f986ca1a,HV Patel,2018,18,105,167,7,9.543,15.0,True
f986ca1a,HV Patel,2019,8,48,77,2,9.625,24.0,False
f986ca1a,HV Patel,2020,15,90,134,3,8.933,30.0,True
f986ca1a,HV Patel,2021,58,338,459,32,8.148,10.56,True
f986ca1a,HV Patel,2022,55,321,410,19,7.664,16.89,True
f986ca1a,HV Patel,2023,49,282,454,14,9.66,20.14,True
f986ca1a,HV Patel,2024,49,294,477,24,9.735,12.25,True
f986ca1a,HV Patel,2025,44,263,430,16,9.81,16.44,True
f986ca1a,HV Patel,2026,14,82,148,0,10.829,,True
8b5b6769,Harbhajan Singh,2018,32,191,270,7,8.482,27.29,True
8b5b6769,Harbhajan Singh,2019,44,264,312,16,7.091,16.5,True
8b5b6769,Harbhajan Singh,2021,7,42,63,0,9.0,,False
c05edf8e,Harpreet Brar,2019,5,30,48,0,9.6,,False
c05edf8e,Harpreet Brar,2020,4,24,41,0,10.25,,False
c05edf8e,Harpreet Brar,2021,23,138,139,5,6.043,27.6,True
c05edf8e,Harpreet Brar,2022,16,96,146,4,9.125,24.0,True
c05edf8e,Harpreet Brar,2023,28,163,218,9,8.025,18.11,True
c05edf8e,Harpreet Brar,2024,38,228,303,7,7.974,32.57,True
c05edf8e,Harpreet Brar,2025,22,132,190,10,8.636,13.2,True
c05edf8e,Harpreet Brar,2026,8,48,60,2,7.5,24.0,False
25228673,Harsh Dubey,2025,10,60,98,5,9.8,12.0,True
25228673,Harsh Dubey,2026,22,132,228,8,10.364,16.5,True
77b1aa15,Harshit Rana,2022,5,30,51,1,10.2,30.0,False
77b1aa15,Harshit Rana,2023,17,102,147,5,8.647,20.4,True
77b1aa15,Harshit Rana,2024,43,253,383,19,9.083,13.32,True
77b1aa15,Harshit Rana,2025,44,264,448,15,10.182,17.6,True
5bb1a1c4,I Sharma,2019,46,276,349,13,7.587,21.23,True
5bb1a1c4,I Sharma,2020,3,18,26,0,8.667,,False
5bb1a1c4,I Sharma,2021,12,72,97,1,8.083,72.0,True
5bb1a1c4,I Sharma,2023,25,150,206,10,8.24,15.0,True
5bb1a1c4,I Sharma,2024,27,162,265,10,9.815,16.2,True
5bb1a1c4,I Sharma,2025,19,110,205,4,11.182,27.5,True
ac5ae4af,I Udana,2020,29,174,282,8,9.724,21.75,True
fdf7491e,IC Porel,2021,4,24,39,1,9.75,24.0,False
641ac5ff,IS Sodhi,2018,23,138,135,5,5.87,27.6,True
641ac5ff,IS Sodhi,2019,8,43,67,4,9.349,10.75,False
acee4cc4,Imran Tahir,2018,21,124,188,6,9.097,20.67,True
acee4cc4,Imran Tahir,2019,65,386,431,26,6.699,14.85,True
acee4cc4,Imran Tahir,2020,11,66,76,1,6.909,66.0,True
acee4cc4,Imran Tahir,2021,4,24,16,2,4.0,12.0,False
752f7486,Ishan Kishan,2025,1,1,4,0,24.0,,False
9061a703,J Little,2023,34,204,294,7,8.647,29.14,True
9061a703,J Little,2024,4,24,45,4,11.25,6.0,False
59559bc2,J Overton,2025,6,36,83,0,13.833,,False
59559bc2,J Overton,2026,28,168,249,14,8.893,12.0,True
4125d931,J Suchith,2019,4,24,28,2,7.0,12.0,False
4125d931,J Suchith,2021,7,42,66,0,9.429,,False
4125d931,J Suchith,2022,18,108,140,7,7.778,15.43,True
81049310,J Yadav,2019,7,42,50,1,7.143,42.0,False
81049310,J Yadav,2020,7,42,43,1,6.143,42.0,False
81049310,J Yadav,2021,17,102,130,2,7.647,51.0,True
81049310,J Yadav,2023,4,24,26,0,6.5,,False
dadbdb68,JA Duffy,2026,24,144,263,9,10.958,16.0,True
1ee08e9a,JA Richardson,2021,11,66,117,3,10.636,22.0,True
1ee08e9a,JA Richardson,2024,4,24,40,0,10.0,,False
5574750c,JC Archer,2018,40,233,325,15,8.369,15.53,True
5574750c,JC Archer,2019,43,258,291,11,6.767,23.45,True
5574750c,JC Archer,2020,56,334,365,20,6.557,16.7,True
5574750c,JC Archer,2023,20,120,190,2,9.5,60.0,True
5574750c,JC Archer,2025,46,273,431,11,9.473,24.82,True
5574750c,JC Archer,2026,60,360,559,25,9.317,14.4,True
1e66c162,JD Unadkat,2018,51,302,486,11,9.656,27.45,True
1e66c162,JD Unadkat,2019,38,224,398,10,10.661,22.4,True
1e66c162,JD Unadkat,2020,23,138,228,4,9.913,34.5,True
1e66c162,JD Unadkat,2021,22,132,168,4,7.636,33.0,True
1e66c162,JD Unadkat,2022,20,120,190,6,9.5,20.0,True
1e66c162,JD Unadkat,2023,8,48,92,0,11.5,,False
1e66c162,JD Unadkat,2024,32,187,319,8,10.235,23.38,True
1e66c162,JD Unadkat,2025,24,143,175,11,7.343,13.0,True
1e66c162,JD Unadkat,2026,13,77,140,4,10.909,19.25,True
9219eff0,JDS Neesham,2020,15,90,148,2,9.867,45.0,True
9219eff0,JDS Neesham,2021,9,54,66,5,7.333,10.8,False
9219eff0,JDS Neesham,2022,3,18,29,0,9.667,,False
a343262c,JE Root,2023,2,12,14,0,7.0,,False
462411b3,JJ Bumrah,2018,54,324,372,17,6.889,19.06,True
462411b3,JJ Bumrah,2019,62,370,409,19,6.632,19.47,True
462411b3,JJ Bumrah,2020,60,360,404,27,6.733,13.33,True
462411b3,JJ Bumrah,2021,55,330,410,21,7.455,15.71,True
462411b3,JJ Bumrah,2022,54,320,383,15,7.181,21.33,True
462411b3,JJ Bumrah,2024,52,311,336,20,6.482,15.55,True
462411b3,JJ Bumrah,2025,48,284,316,18,6.676,15.78,True
462411b3,JJ Bumrah,2026,49,294,410,4,8.367,73.5,True
f752db61,JL Pattinson,2020,37,213,320,11,9.014,19.36,True
0f721006,JO Holder,2020,28,168,233,14,8.321,12.0,True
0f721006,JO Holder,2021,32,191,247,16,7.759,11.94,True
0f721006,JO Holder,2022,42,249,391,14,9.422,17.79,True
0f721006,JO Holder,2023,29,171,284,4,9.965,42.75,True
0f721006,JO Holder,2026,39,230,290,17,7.565,13.53,True
4933f499,JP Behrendorff,2019,19,114,165,5,8.684,22.8,True
4933f499,JP Behrendorff,2023,42,252,387,14,9.214,18.0,True
2e8994e7,JP Duminy,2018,3,18,36,0,12.0,,False
99ed60f8,JPR Scantlebury-Searles,2018,7,42,89,2,12.714,21.0,False
03806cf8,JR Hazlewood,2020,10,60,64,1,6.4,60.0,True
03806cf8,JR Hazlewood,2021,35,210,293,11,8.371,19.09,True
03806cf8,JR Hazlewood,2022,47,279,377,20,8.108,13.95,True
03806cf8,JR Hazlewood,2023,9,54,76,3,8.444,18.0,False
03806cf8,JR Hazlewood,2025,45,264,386,22,8.773,12.0,True
03806cf8,JR Hazlewood,2026,52,309,494,15,9.592,20.6,True
249abedf,Jalaj S Saxena,2021,3,18,27,0,9.0,,False
90de905a,K Gowtham,2018,40,240,312,11,7.8,21.82,True
90de905a,K Gowtham,2019,20,120,166,1,8.3,120.0,True
90de905a,K Gowtham,2020,8,48,84,1,10.5,48.0,False
90de905a,K Gowtham,2022,12,72,99,5,8.25,14.4,True
90de905a,K Gowtham,2023,16,96,118,3,7.375,32.0,True
90de905a,K Gowtham,2024,2,12,29,0,14.5,,False
f6d8a7ab,K Kartikeya,2022,13,78,102,5,7.846,15.6,True
f6d8a7ab,K Kartikeya,2023,26,156,227,5,8.731,31.2,True
f6d8a7ab,K Kartikeya,2025,8,48,78,2,9.75,24.0,False
fa2f1dde,K Khejroliya,2018,11,65,107,2,9.877,32.5,True
fa2f1dde,K Khejroliya,2019,5,30,46,1,9.2,30.0,False
fa2f1dde,K Khejroliya,2023,5,26,64,2,14.769,13.0,False
fa2f1dde,K Khejroliya,2025,3,18,29,1,9.667,18.0,False
fa2f1dde,K Khejroliya,2026,2,12,31,0,15.5,,False
e62dd25d,K Rabada,2019,48,282,368,25,7.83,11.28,True
e62dd25d,K Rabada,2020,66,394,548,30,8.345,13.13,True
e62dd25d,K Rabada,2021,56,336,456,15,8.143,22.4,True
e62dd25d,K Rabada,2022,48,288,406,23,8.458,12.52,True
e62dd25d,K Rabada,2023,23,138,232,7,10.087,19.71,True
e62dd25d,K Rabada,2024,42,252,372,11,8.857,22.91,True
e62dd25d,K Rabada,2025,14,84,162,2,11.571,42.0,True
e62dd25d,K Rabada,2026,65,388,626,29,9.68,13.38,True
030f3089,K Yadav,2021,2,12,16,0,8.0,,False
030f3089,K Yadav,2023,7,42,68,2,9.714,21.0,False
68c56d09,KA Jamieson,2021,28,168,269,9,9.607,18.67,True
68c56d09,KA Jamieson,2025,15,90,147,5,9.8,18.0,True
68c56d09,KA Jamieson,2026,7,42,90,2,12.857,21.0,False
0b60eb09,KA Maharaj,2024,6,36,39,2,6.5,18.0,False
a757b0d8,KA Pollard,2020,21,126,190,4,9.048,31.5,True
a757b0d8,KA Pollard,2021,14,79,95,5,7.215,15.8,True
a757b0d8,KA Pollard,2022,14,84,125,4,8.929,21.0,True
edb3d4f8,KC Cariappa,2019,2,12,34,0,17.0,,False
5b8c830e,KH Pandya,2018,41,241,284,12,7.071,20.08,True
5b8c830e,KH Pandya,2019,46,276,335,12,7.283,23.0,True
5b8c830e,KH Pandya,2020,51,301,380,6,7.575,50.17,True
5b8c830e,KH Pandya,2021,34,199,265,5,7.99,39.8,True
5b8c830e,KH Pandya,2022,38,228,265,10,6.974,22.8,True
5b8c830e,KH Pandya,2023,42,252,313,9,7.452,28.0,True
5b8c830e,KH Pandya,2024,33,198,255,6,7.727,33.0,True
5b8c830e,KH Pandya,2025,46,276,379,17,8.239,16.24,True
5b8c830e,KH Pandya,2026,51,303,425,14,8.416,21.64,True
a2f46292,KK Ahmed,2018,3,18,38,0,12.667,,False
a2f46292,KK Ahmed,2019,35,209,287,19,8.239,11.0,True
a2f46292,KK Ahmed,2020,26,154,242,8,9.429,19.25,True
a2f46292,KK Ahmed,2021,27,162,219,5,8.111,32.4,True
a2f46292,KK Ahmed,2022,40,235,315,16,8.043,14.69,True
a2f46292,KK Ahmed,2023,33,198,301,9,9.121,22.0,True
a2f46292,KK Ahmed,2024,50,300,479,17,9.58,17.65,True
a2f46292,KK Ahmed,2025,47,280,447,15,9.579,18.67,True
a2f46292,KK Ahmed,2026,17,101,146,2,8.673,50.5,True
b4f5c2d9,KL Nagarkoti,2020,26,156,231,5,8.885,31.2,True
b4f5c2d9,KL Nagarkoti,2021,2,12,25,0,12.5,,False
b4f5c2d9,KL Nagarkoti,2022,2,12,29,0,14.5,,False
798cc28e,KM Asif,2018,6,36,75,3,12.5,12.0,False
798cc28e,KM Asif,2021,3,13,18,1,8.308,13.0,False
798cc28e,KM Asif,2023,14,84,138,3,9.857,28.0,True
75224f22,KMA Paul,2019,28,163,237,9,8.724,18.11,True
73c18486,KR Mayers,2023,7,42,59,0,8.429,,False
2e78f685,KR Sen,2022,28,151,237,8,9.417,18.88,True
2e78f685,KR Sen,2023,3,18,28,0,9.333,,False
2e78f685,KR Sen,2024,12,72,122,6,10.167,12.0,True
d027ba9f,KS Williamson,2020,2,12,24,0,12.0,,False
107c26fb,KT Maphaka,2024,6,36,89,1,14.833,36.0,False
107c26fb,KT Maphaka,2025,5,30,54,1,10.8,30.0,False
119678fd,KV Sharma,2018,10,57,89,4,9.368,14.25,True
119678fd,KV Sharma,2019,3,17,33,1,11.647,17.0,False
119678fd,KV Sharma,2020,19,114,165,5,8.684,22.8,True
119678fd,KV Sharma,2023,22,129,223,10,10.372,12.9,True
119678fd,KV Sharma,2024,24,144,254,7,10.583,20.57,True
119678fd,KV Sharma,2025,15,90,128,7,8.533,12.86,True
dfc4d8b5,KW Richardson,2021,3,18,29,1,9.667,18.0,False
62175638,Karim Janat,2025,1,6,30,0,30.0,,False
5d2eea49,Kartik Tyagi,2020,39,229,367,9,9.616,25.44,True
5d2eea49,Kartik Tyagi,2021,14,84,124,4,8.857,21.0,True
5d2eea49,Kartik Tyagi,2022,8,48,79,1,9.875,48.0,False
5d2eea49,Kartik Tyagi,2023,7,37,92,1,14.919,37.0,False
5d2eea49,Kartik Tyagi,2024,4,24,51,0,12.75,,False
5d2eea49,Kartik Tyagi,2026,51,306,498,18,9.765,17.0,True
e48a4814,Krish Bhagat,2026,6,36,63,0,10.5,,False
8d2c70ad,Kuldeep Yadav,2018,52,308,418,17,8.143,18.12,True
8d2c70ad,Kuldeep Yadav,2019,33,198,286,4,8.667,49.5,True
8d2c70ad,Kuldeep Yadav,2020,12,72,92,1,7.667,72.0,True
8d2c70ad,Kuldeep Yadav,2022,50,298,419,21,8.436,14.19,True
8d2c70ad,Kuldeep Yadav,2023,49,294,361,10,7.367,29.4,True
8d2c70ad,Kuldeep Yadav,2024,43,258,372,16,8.651,16.12,True
8d2c70ad,Kuldeep Yadav,2025,53,318,390,15,7.358,21.2,True
8d2c70ad,Kuldeep Yadav,2026,37,222,381,10,10.297,22.2,True
f834dcfc,L Ngidi,2018,26,156,156,11,6.0,14.18,True
f834dcfc,L Ngidi,2020,16,96,167,9,10.438,10.67,True
f834dcfc,L Ngidi,2021,12,72,125,5,10.417,14.4,True
f834dcfc,L Ngidi,2025,8,48,81,4,10.125,12.0,False
f834dcfc,L Ngidi,2026,42,248,340,13,8.226,19.08,True
65b6943c,L Wood,2024,6,36,93,1,15.5,36.0,False
a1d95bd8,LB Williams,2024,6,36,72,1,12.0,36.0,False
9a963804,LE Plunkett,2018,25,150,225,4,9.0,37.5,True
2f9d0389,LH Ferguson,2019,17,102,183,2,10.765,51.0,True
2f9d0389,LH Ferguson,2020,20,119,148,6,7.462,19.83,True
2f9d0389,LH Ferguson,2021,30,180,224,13,7.467,13.85,True
2f9d0389,LH Ferguson,2022,48,286,427,12,8.958,23.83,True
2f9d0389,LH Ferguson,2023,8,46,96,1,12.522,46.0,False
2f9d0389,LH Ferguson,2024,24,144,255,9,10.625,16.0,True
2f9d0389,LH Ferguson,2025,12,68,104,5,9.176,13.6,True
2f9d0389,LH Ferguson,2026,11,66,141,1,12.818,66.0,True
d3611425,LI Meriwala,2021,3,18,32,1,10.667,18.0,False
50c6bc2b,LS Livingstone,2019,1,6,13,0,13.0,,False
50c6bc2b,LS Livingstone,2022,24,138,202,6,8.783,23.0,True
50c6bc2b,LS Livingstone,2023,7,42,94,2,13.429,21.0,False
50c6bc2b,LS Livingstone,2024,12,72,84,3,7.0,24.0,True
50c6bc2b,LS Livingstone,2025,9,54,76,2,8.444,27.0,False
ad427b5c,Lalit Yadav,2021,14,84,101,4,7.214,21.0,True
ad427b5c,Lalit Yadav,2022,18,108,150,4,8.333,27.0,True
ad427b5c,Lalit Yadav,2023,13,78,118,2,9.077,39.0,True
ad427b5c,Lalit Yadav,2024,3,18,56,0,18.667,,False
e2db2409,M Ashwin,2018,7,42,53,3,7.571,14.0,False
e2db2409,M Ashwin,2019,34,204,255,5,7.5,40.8,True
e2db2409,M Ashwin,2020,32,189,235,10,7.46,18.9,True
e2db2409,M Ashwin,2021,11,66,97,1,8.818,66.0,True
e2db2409,M Ashwin,2022,29,174,228,9,7.862,19.33,True
e2db2409,M Ashwin,2023,4,24,53,0,13.25,,False
81c36ee9,M Jansen,2021,6,36,45,2,7.5,18.0,False
81c36ee9,M Jansen,2022,32,192,274,7,8.562,27.43,True
81c36ee9,M Jansen,2023,27,162,267,10,9.889,16.2,True
81c36ee9,M Jansen,2024,10,60,129,1,12.9,60.0,True
81c36ee9,M Jansen,2025,48,283,434,16,9.201,17.69,True
81c36ee9,M Jansen,2026,48,284,483,9,10.204,31.56,True
a9fd84fb,M Markande,2018,44,264,368,15,8.364,17.6,True
a9fd84fb,M Markande,2019,6,36,59,1,9.833,36.0,False
a9fd84fb,M Markande,2021,3,18,26,0,8.667,,False
a9fd84fb,M Markande,2022,7,42,57,1,8.143,42.0,False
a9fd84fb,M Markande,2023,38,228,300,12,7.895,19.0,True
a9fd84fb,M Markande,2024,22,132,259,8,11.773,16.5,True
a9fd84fb,M Markande,2026,5,30,76,0,15.2,,False
64839cb3,M Pathirana,2022,8,41,52,2,7.61,20.5,False
64839cb3,M Pathirana,2023,47,278,371,19,8.007,14.63,True
64839cb3,M Pathirana,2024,22,132,169,13,7.682,10.15,True
64839cb3,M Pathirana,2025,43,251,424,13,10.135,19.31,True
64839cb3,M Pathirana,2026,2,8,9,0,6.75,,False
85e0cf10,M Prasidh Krishna,2018,28,168,260,10,9.286,16.8,True
85e0cf10,M Prasidh Krishna,2019,41,242,377,4,9.347,60.5,True
85e0cf10,M Prasidh Krishna,2020,18,105,164,4,9.371,26.25,True
85e0cf10,M Prasidh Krishna,2021,39,231,351,12,9.117,19.25,True
85e0cf10,M Prasidh Krishna,2022,67,399,551,19,8.286,21.0,True
85e0cf10,M Prasidh Krishna,2025,59,354,488,25,8.271,14.16,True
85e0cf10,M Prasidh Krishna,2026,39,234,407,16,10.436,14.62,True
7dcb9bc9,M Shahrukh Khan,2024,2,12,15,0,7.5,,False
7dcb9bc9,M Shahrukh Khan,2025,1,6,13,1,13.0,6.0,False
cf0ccafa,M Siddharth,2024,9,54,71,1,7.889,54.0,False
cf0ccafa,M Siddharth,2025,7,42,67,2,9.571,21.0,False
cf0ccafa,M Siddharth,2026,15,90,145,6,9.667,15.0,True
f24c6701,M Theekshana,2022,35,210,261,12,7.457,17.5,True
f24c6701,M Theekshana,2023,49,294,392,11,8.0,26.73,True
f24c6701,M Theekshana,2024,20,120,144,2,7.2,60.0,True
f24c6701,M Theekshana,2025,42,252,410,11,9.762,22.91,True
fb5f69e4,M Tiwari,2025,1,6,14,0,14.0,,False
fb5f69e4,M Tiwari,2026,10,60,87,4,8.7,15.0,True
3fb19989,MA Starc,2024,42,251,444,17,10.614,14.76,True
3fb19989,MA Starc,2025,39,228,389,14,10.237,16.29,True
3fb19989,MA Starc,2026,22,132,224,11,10.182,12.0,True
8d92a2c3,MA Wood,2018,4,24,49,0,12.25,,False
8d92a2c3,MA Wood,2023,16,96,130,11,8.125,8.73,True
32198ae0,MC Henriques,2021,10,60,45,4,4.5,15.0,True
3ff033bb,MD Shanaka,2026,6,36,60,1,10.0,36.0,False
e38bce7a,MG Bracewell,2023,11,66,95,6,8.636,11.0,True
f5180fe6,MG Johnson,2018,21,126,216,2,10.286,63.0,True
e84ac20c,MJ Henry,2024,12,72,110,1,9.167,72.0,True
e84ac20c,MJ Henry,2026,10,60,130,2,13.0,30.0,True
51a3c5ef,MJ McClenaghan,2018,40,240,332,14,8.3,17.14,True
51a3c5ef,MJ McClenaghan,2019,18,108,142,3,7.889,36.0,True
e4a0deae,MJ Santner,2019,14,84,94,4,6.714,21.0,True
e4a0deae,MJ Santner,2020,7,42,53,2,7.571,21.0,False
e4a0deae,MJ Santner,2022,19,114,130,4,6.842,28.5,True
e4a0deae,MJ Santner,2023,12,72,81,3,6.75,24.0,True
e4a0deae,MJ Santner,2024,9,54,64,2,7.111,27.0,False
e4a0deae,MJ Santner,2025,41,237,313,10,7.924,23.7,True
e4a0deae,MJ Santner,2026,14,84,125,5,8.929,16.8,True
025c4400,MJ Suthar,2024,2,12,26,0,13.0,,False
025c4400,MJ Suthar,2026,6,36,68,2,11.333,18.0,False
da934ee8,MK Lomror,2018,3,18,27,0,9.0,,False
da934ee8,MK Lomror,2021,7,42,47,1,6.714,42.0,False
da934ee8,MK Lomror,2022,2,12,18,0,9.0,,False
da934ee8,MK Lomror,2023,2,12,17,0,8.5,,False
da934ee8,MK Lomror,2024,1,6,18,0,18.0,,False
26e5cabf,MK Tiwary,2018,1,6,10,0,10.0,,False
bb351c23,MM Ali,2018,14,79,97,3,7.367,26.33,True
bb351c23,MM Ali,2019,25,150,169,6,6.76,25.0,True
bb351c23,MM Ali,2020,5,30,42,1,8.4,30.0,False
bb351c23,MM Ali,2021,26,152,161,6,6.355,25.33,True
bb351c23,MM Ali,2022,24,143,158,8,6.629,17.88,True
bb351c23,MM Ali,2023,26,156,195,9,7.5,17.33,True
bb351c23,MM Ali,2024,8,48,71,2,8.875,24.0,False
bb351c23,MM Ali,2025,16,96,136,6,8.5,16.0,True
759ac88f,MM Sharma,2018,31,178,322,7,10.854,25.43,True
759ac88f,MM Sharma,2019,3,18,27,1,9.0,18.0,False
759ac88f,MM Sharma,2020,4,24,45,1,11.25,24.0,False
759ac88f,MM Sharma,2023,45,265,361,27,8.174,9.81,True
759ac88f,MM Sharma,2024,39,234,425,13,10.897,18.0,True
759ac88f,MM Sharma,2025,25,150,257,2,10.28,75.0,True
d9273ee7,MP Stoinis,2018,11,66,120,3,10.909,22.0,True
d9273ee7,MP Stoinis,2019,17,100,145,2,8.7,50.0,True
d9273ee7,MP Stoinis,2020,30,178,283,13,9.539,13.69,True
d9273ee7,MP Stoinis,2021,12,67,117,2,10.478,33.5,True
d9273ee7,MP Stoinis,2022,7,42,79,4,11.286,10.5,False
d9273ee7,MP Stoinis,2023,11,65,100,5,9.231,13.0,True
d9273ee7,MP Stoinis,2024,14,84,126,4,9.0,21.0,True
d9273ee7,MP Stoinis,2025,15,85,175,1,12.353,85.0,True
d9273ee7,MP Stoinis,2026,8,47,98,2,12.511,23.5,False
b1ad996b,MP Yadav,2024,13,73,85,7,6.986,10.43,True
b1ad996b,MP Yadav,2025,8,48,100,2,12.5,24.0,False
b1ad996b,MP Yadav,2026,16,96,182,0,11.375,,True
3d8feaf8,MR Marsh,2020,1,4,6,0,9.0,,False
3d8feaf8,MR Marsh,2022,12,72,102,4,8.5,18.0,True
3d8feaf8,MR Marsh,2023,21,121,170,12,8.43,10.08,True
3d8feaf8,MR Marsh,2024,8,48,103,1,12.875,48.0,False
a90e53ec,MW Short,2023,4,24,25,0,6.25,,False
a90e53ec,MW Short,2026,4,19,39,0,12.316,,False
c3a96caf,Mandeep Singh,2019,2,12,26,0,13.0,,False
a457cfb5,Mayank Dagar,2023,11,66,83,1,7.545,66.0,True
a457cfb5,Mayank Dagar,2024,12,71,120,1,10.141,71.0,True
62af8546,Mohammad Nabi,2018,5,30,47,1,9.4,30.0,False
62af8546,Mohammad Nabi,2019,30,175,194,8,6.651,21.88,True
62af8546,Mohammad Nabi,2020,4,24,23,0,5.75,,False
62af8546,Mohammad Nabi,2021,8,48,86,2,10.75,24.0,False
62af8546,Mohammad Nabi,2024,13,74,109,2,8.838,37.0,True
8cf9814c,Mohammed Shami,2018,14,83,144,3,10.41,27.67,True
8cf9814c,Mohammed Shami,2019,54,324,469,19,8.685,17.05,True
8cf9814c,Mohammed Shami,2020,54,322,460,20,8.571,16.1,True
8cf9814c,Mohammed Shami,2021,53,316,395,19,7.5,16.63,True
8cf9814c,Mohammed Shami,2022,61,366,488,20,8.0,18.3,True
8cf9814c,Mohammed Shami,2023,65,390,522,28,8.031,13.93,True
8cf9814c,Mohammed Shami,2025,30,180,337,6,11.233,30.0,True
8cf9814c,Mohammed Shami,2026,51,306,459,12,9.0,25.5,True
2f49c897,Mohammed Siraj,2018,41,246,367,11,8.951,22.36,True
2f49c897,Mohammed Siraj,2019,29,169,269,7,9.55,24.14,True
2f49c897,Mohammed Siraj,2020,28,163,236,11,8.687,14.82,True
2f49c897,Mohammed Siraj,2021,52,312,353,11,6.788,28.36,True
2f49c897,Mohammed Siraj,2022,51,306,514,9,10.078,34.0,True
2f49c897,Mohammed Siraj,2023,50,300,375,19,7.5,15.79,True
2f49c897,Mohammed Siraj,2024,54,324,496,15,9.185,21.6,True
2f49c897,Mohammed Siraj,2025,57,342,527,16,9.246,21.38,True
2f49c897,Mohammed Siraj,2026,62,372,562,19,9.065,19.58,True
9a5f2863,Mohit Rathee,2023,2,12,29,0,14.5,,False
2669d6b7,Mohsin Khan,2022,33,198,197,14,5.97,14.14,True
2669d6b7,Mohsin Khan,2023,10,60,107,3,10.7,20.0,True
2669d6b7,Mohsin Khan,2024,38,228,385,10,10.132,22.8,True
2669d6b7,Mohsin Khan,2026,28,168,228,11,8.143,15.27,True
fb24e76c,Monu Kumar,2020,2,12,20,0,10.0,,False
7d92277a,Mujeeb Ur Rahman,2018,42,248,289,14,6.992,17.71,True
7d92277a,Mujeeb Ur Rahman,2019,19,114,191,3,10.053,38.0,True
7d92277a,Mujeeb Ur Rahman,2020,8,48,83,0,10.375,,False
7d92277a,Mujeeb Ur Rahman,2021,4,24,29,2,7.25,12.0,False
7d92277a,Mujeeb Ur Rahman,2025,2,12,28,1,14.0,12.0,False
765a4731,Mukesh Choudhary,2022,46,273,424,16,9.319,17.06,True
765a4731,Mukesh Choudhary,2024,1,6,27,0,27.0,,False
765a4731,Mukesh Choudhary,2025,6,36,71,1,11.833,36.0,False
765a4731,Mukesh Choudhary,2026,28,168,249,8,8.893,21.0,True
2cffab74,Mukesh Kumar,2023,31,186,326,7,10.516,26.57,True
2cffab74,Mukesh Kumar,2024,36,213,368,17,10.366,12.53,True
2cffab74,Mukesh Kumar,2025,40,237,408,12,10.329,19.75,True
2cffab74,Mukesh Kumar,2026,32,188,353,6,11.266,31.33,True
d621b427,Musheer Khan,2025,2,12,27,1,13.5,12.0,False
0a8fce53,Mustafizur Rahman,2018,28,165,230,7,8.364,23.57,True
0a8fce53,Mustafizur Rahman,2021,54,311,436,14,8.412,22.21,True
0a8fce53,Mustafizur Rahman,2022,32,192,244,8,7.625,24.0,True
0a8fce53,Mustafizur Rahman,2023,7,42,79,1,11.286,42.0,False
0a8fce53,Mustafizur Rahman,2024,35,206,318,14,9.262,14.71,True
0a8fce53,Mustafizur Rahman,2025,11,66,87,4,7.909,16.5,True
465aa633,N Burger,2024,17,102,145,7,8.529,14.57,True
465aa633,N Burger,2026,44,261,440,14,10.115,18.64,True
fb2d1dda,N Rana,2018,7,37,44,4,7.135,9.25,False
fb2d1dda,N Rana,2019,8,48,72,3,9.0,16.0,False
fb2d1dda,N Rana,2020,2,12,23,0,11.5,,False
fb2d1dda,N Rana,2021,2,12,12,0,6.0,,False
fb2d1dda,N Rana,2022,2,12,23,0,11.5,,False
fb2d1dda,N Rana,2023,9,53,75,3,8.491,17.67,False
fb2d1dda,N Rana,2025,2,12,18,0,9.0,,False
fb2d1dda,N Rana,2026,4,24,55,0,13.75,,False
ee1b6c27,N Thushara,2024,26,156,257,8,9.885,19.5,True
ee1b6c27,N Thushara,2025,4,24,26,1,6.5,24.0,False
d1a60072,N Wadhera,2024,2,12,13,0,6.5,,False
d1a60072,N Wadhera,2025,1,5,9,0,10.8,,False
21d4e29b,NA Saini,2019,48,288,397,11,8.271,26.18,True
21d4e29b,NA Saini,2020,46,274,379,6,8.299,45.67,True
21d4e29b,NA Saini,2021,4,24,52,0,13.0,,False
21d4e29b,NA Saini,2022,6,36,72,3,12.0,12.0,False
21d4e29b,NA Saini,2023,6,36,74,3,12.333,12.0,False
21d4e29b,NA Saini,2026,3,18,37,0,12.333,,False
56ab442f,NM Coulter-Nile,2020,26,156,206,5,7.923,31.2,True
56ab442f,NM Coulter-Nile,2021,20,120,127,7,6.35,17.14,True
56ab442f,NM Coulter-Nile,2022,4,18,48,0,16.0,,False
9eb1455b,NT Ellis,2021,11,66,90,1,8.182,66.0,True
9eb1455b,NT Ellis,2022,6,36,55,3,9.167,12.0,False
9eb1455b,NT Ellis,2023,38,228,339,13,8.921,17.54,True
9eb1455b,NT Ellis,2024,4,24,24,1,6.0,24.0,False
9eb1455b,NT Ellis,2025,4,24,38,1,9.5,24.0,False
fffa744b,Naman Dhir,2024,5,28,55,0,11.786,,False
fffa744b,Naman Dhir,2025,4,24,21,0,5.25,,False
c0c411cb,Naveen-ul-Haq,2023,28,168,219,11,7.821,15.27,True
c0c411cb,Naveen-ul-Haq,2024,37,219,372,14,10.192,15.64,True
aad0c365,Nithish Kumar Reddy,2023,5,30,54,0,10.8,,False
aad0c365,Nithish Kumar Reddy,2024,14,79,153,3,11.62,26.33,True
aad0c365,Nithish Kumar Reddy,2025,5,30,47,2,9.4,15.0,False
aad0c365,Nithish Kumar Reddy,2026,31,186,323,8,10.419,23.25,True
efc04be7,Noor Ahmad,2023,48,283,369,16,7.823,17.69,True
efc04be7,Noor Ahmad,2024,35,209,290,8,8.325,26.12,True
efc04be7,Noor Ahmad,2025,50,300,408,24,8.16,12.5,True
efc04be7,Noor Ahmad,2026,51,306,428,13,8.392,23.54,True
c6097d68,O Thomas,2019,10,60,79,5,7.9,12.0,True
529eb9e0,OC McCoy,2022,27,155,237,11,9.174,14.09,True
529eb9e0,OC McCoy,2023,1,6,13,0,13.0,,False
23cca426,OF Smith,2022,15,90,178,6,11.867,15.0,True
ed5a5510,P Dubey,2020,8,48,72,0,9.0,,False
ed5a5510,P Dubey,2023,3,18,19,1,6.333,18.0,False
ed5a5510,P Dubey,2025,2,12,20,1,10.0,12.0,False
f62772e5,P Negi,2018,4,24,49,1,12.25,24.0,False
f62772e5,P Negi,2019,12,67,102,3,9.134,22.33,True
441c72ae,P Ray Barman,2019,4,24,56,0,14.0,,False
c695b423,PH Solanki,2022,6,36,38,2,6.333,18.0,False
08548b13,PHKD Mendis,2025,7,42,60,2,8.571,21.0,False
ded9240e,PJ Cummins,2020,52,312,409,12,7.865,26.0,True
ded9240e,PJ Cummins,2021,27,161,237,9,8.832,17.89,True
ded9240e,PJ Cummins,2022,20,119,212,7,10.689,17.0,True
ded9240e,PJ Cummins,2024,61,366,566,18,9.279,20.33,True
ded9240e,PJ Cummins,2025,50,298,450,16,9.06,18.62,True
ded9240e,PJ Cummins,2026,32,192,307,8,9.594,24.0,True
9fc0ef64,PJ Sangwan,2018,2,12,19,0,9.5,,False
9fc0ef64,PJ Sangwan,2022,9,54,65,3,7.222,18.0,False
98ae73b1,PP Chawla,2018,49,294,412,14,8.408,21.0,True
98ae73b1,PP Chawla,2019,45,267,399,10,8.966,26.7,True
98ae73b1,PP Chawla,2020,21,126,191,6,9.095,21.0,True
98ae73b1,PP Chawla,2021,4,24,38,1,9.5,24.0,False
98ae73b1,PP Chawla,2023,61,366,495,22,8.115,16.64,True
98ae73b1,PP Chawla,2024,35,210,312,13,8.914,16.15,True
ece7b6b3,PP Hinge,2026,26,156,305,14,11.731,11.14,True
e148e6bd,PR Veer,2026,2,12,25,0,12.5,,False
327b58d3,PVD Chameera,2022,44,264,384,9,8.727,29.33,True
327b58d3,PVD Chameera,2024,3,18,48,0,16.0,,False
327b58d3,PVD Chameera,2025,17,102,198,4,11.647,25.5,True
327b58d3,PVD Chameera,2026,2,12,18,0,9.0,,False
c27b5a0e,PVSN Raju,2025,4,24,53,1,13.25,24.0,False
c96f6ac5,PWA Mulder,2025,1,6,16,0,16.0,,False
a97c8ec2,PWH de Silva,2021,6,36,60,0,10.0,,False
a97c8ec2,PWH de Silva,2022,57,342,430,26,7.544,13.15,True
a97c8ec2,PWH de Silva,2023,29,174,258,9,8.897,19.33,True
a97c8ec2,PWH de Silva,2025,41,246,371,11,9.049,22.36,True
80b2fb19,Prince Yadav,2025,23,137,225,3,9.854,45.67,True
80b2fb19,Prince Yadav,2026,52,312,459,16,8.827,19.5,True
495d42a5,R Ashwin,2018,51,304,410,10,8.092,30.4,True
495d42a5,R Ashwin,2019,55,330,400,15,7.273,22.0,True
495d42a5,R Ashwin,2020,51,306,391,13,7.667,23.54,True
495d42a5,R Ashwin,2021,45,268,331,7,7.41,38.29,True
495d42a5,R Ashwin,2022,67,402,503,12,7.507,33.5,True
495d42a5,R Ashwin,2023,49,294,368,14,7.51,21.0,True
495d42a5,R Ashwin,2024,55,330,467,9,8.491,36.67,True
495d42a5,R Ashwin,2025,31,186,283,7,9.129,26.57,True
26a85969,R Dhawan,2022,19,114,156,6,8.211,19.0,True
26a85969,R Dhawan,2023,7,42,60,1,8.571,42.0,False
26a85969,R Dhawan,2024,3,18,35,0,11.667,,False
266849c1,R Goyal,2023,4,24,33,0,8.25,,False
04a418e8,R Parag,2019,14,84,121,2,8.643,42.0,True
04a418e8,R Parag,2020,2,12,27,0,13.5,,False
04a418e8,R Parag,2021,7,37,73,1,11.838,37.0,False
04a418e8,R Parag,2022,4,24,59,1,14.75,24.0,False
04a418e8,R Parag,2024,3,18,27,0,9.0,,False
04a418e8,R Parag,2025,20,120,170,3,8.5,40.0,True
04a418e8,R Parag,2026,4,24,38,2,9.5,12.0,False
650d5e49,R Powell,2022,1,6,17,0,17.0,,False
650d5e49,R Powell,2023,2,12,18,1,9.0,12.0,False
ba5e1069,R Ravindra,2024,2,12,7,0,3.5,,False
c7a995d3,R Sai Kishore,2022,16,96,121,6,7.562,16.0,True
c7a995d3,R Sai Kishore,2024,15,90,137,7,9.133,12.86,True
c7a995d3,R Sai Kishore,2025,44,255,393,19,9.247,13.42,True
c7a995d3,R Sai Kishore,2026,4,24,46,1,11.5,24.0,False
33ffc3dd,R Sanjay Yadav,2022,2,12,23,0,11.5,,False
c5aef772,R Shepherd,2022,9,54,98,3,10.889,18.0,False
c5aef772,R Shepherd,2024,12,72,159,1,13.25,72.0,True
c5aef772,R Shepherd,2025,14,84,151,6,10.786,14.0,True
c5aef772,R Shepherd,2026,26,150,298,7,11.92,21.43,True
39a2dfa8,R Tewatia,2018,22,132,173,6,7.864,22.0,True
39a2dfa8,R Tewatia,2019,7,38,42,2,6.632,19.0,False
39a2dfa8,R Tewatia,2020,46,276,326,10,7.087,27.6,True
39a2dfa8,R Tewatia,2021,37,222,340,8,9.189,27.75,True
39a2dfa8,R Tewatia,2022,6,36,76,0,12.667,,False
39a2dfa8,R Tewatia,2023,3,13,15,0,6.923,,False
41eb4a4f,R Vinay Kumar,2018,4,23,65,2,16.957,11.5,False
ba6b2f91,RA Bawa,2026,4,24,50,2,12.5,12.0,False
fe93fd9d,RA Jadeja,2018,41,246,303,11,7.39,22.36,True
fe93fd9d,RA Jadeja,2019,54,324,343,15,6.352,21.6,True
fe93fd9d,RA Jadeja,2020,37,218,318,6,8.752,36.33,True
fe93fd9d,RA Jadeja,2021,49,294,346,13,7.061,22.62,True
fe93fd9d,RA Jadeja,2022,33,198,248,5,7.515,39.6,True
fe93fd9d,RA Jadeja,2023,57,342,431,20,7.561,17.1,True
fe93fd9d,RA Jadeja,2024,47,282,369,8,7.851,35.25,True
fe93fd9d,RA Jadeja,2025,39,227,324,10,8.564,22.7,True
fe93fd9d,RA Jadeja,2026,33,198,277,10,8.394,19.8,True
2ed569a0,RD Chahar,2019,47,282,308,13,6.553,21.69,True
2ed569a0,RD Chahar,2020,53,318,433,15,8.17,21.2,True
2ed569a0,RD Chahar,2021,43,258,318,13,7.395,19.85,True
2ed569a0,RD Chahar,2022,48,280,360,14,7.714,20.0,True
2ed569a0,RD Chahar,2023,50,298,385,8,7.752,37.25,True
2ed569a0,RD Chahar,2024,31,186,279,10,9.0,18.6,True
2ed569a0,RD Chahar,2025,1,6,9,0,9.0,,False
2ed569a0,RD Chahar,2026,4,24,46,0,11.5,,False
740742ef,RG Sharma,2021,2,7,13,0,11.143,,False
402f8494,RJ Gleeson,2024,8,47,71,1,9.064,47.0,False
402f8494,RJ Gleeson,2025,4,21,39,1,11.143,21.0,False
8db7f47f,RJW Topley,2023,2,12,14,1,7.0,12.0,False
8db7f47f,RJW Topley,2024,15,90,168,4,11.2,22.5,True
8db7f47f,RJW Topley,2025,3,18,40,0,13.333,,False
64775749,RP Meredith,2021,19,102,169,4,9.941,25.5,True
64775749,RP Meredith,2022,28,168,236,8,8.429,21.0,True
64775749,RP Meredith,2023,20,118,207,7,10.525,16.86,True
dee07622,RS Ghosh,2026,3,18,24,1,8.0,18.0,False
c3c92b42,RS Hangargekar,2023,6,36,60,3,10.0,12.0,False
60500956,RV Patel,2021,3,18,22,0,7.333,,False
5b615e7c,Raghu Sharma,2026,15,90,130,1,8.667,90.0,True
be24ead0,Ramandeep Singh,2022,6,36,54,6,9.0,6.0,False
be24ead0,Ramandeep Singh,2024,1,4,9,0,13.5,,False
be24ead0,Ramandeep Singh,2026,3,16,31,1,11.625,16.0,False
5f547c8b,Rashid Khan,2018,68,408,458,21,6.735,19.43,True
5f547c8b,Rashid Khan,2019,60,360,377,17,6.283,21.18,True
5f547c8b,Rashid Khan,2020,64,384,344,20,5.375,19.2,True
5f547c8b,Rashid Khan,2021,56,336,375,18,6.696,18.67,True
5f547c8b,Rashid Khan,2022,64,383,421,19,6.595,20.16,True
5f547c8b,Rashid Khan,2023,67,402,552,27,8.239,14.89,True
5f547c8b,Rashid Khan,2024,44,262,367,10,8.405,26.2,True
5f547c8b,Rashid Khan,2025,55,330,514,9,9.345,36.67,True
5f547c8b,Rashid Khan,2026,57,341,516,21,9.079,16.24,True
b8527c3d,Rasikh Salam,2019,4,24,42,0,10.5,,False
b8527c3d,Rasikh Salam,2022,4,24,28,0,7.0,,False
b8527c3d,Rasikh Salam,2024,25,147,269,9,10.98,16.33,True
b8527c3d,Rasikh Salam,2025,6,36,70,1,11.667,36.0,False
b8527c3d,Rasikh Salam,2026,43,257,405,19,9.455,13.53,True
df064e1a,Ravi Bishnoi,2020,51,306,376,12,7.373,25.5,True
df064e1a,Ravi Bishnoi,2021,36,216,230,12,6.389,18.0,True
df064e1a,Ravi Bishnoi,2022,54,324,456,13,8.444,24.92,True
df064e1a,Ravi Bishnoi,2023,51,303,391,16,7.743,18.94,True
df064e1a,Ravi Bishnoi,2024,44,262,383,10,8.771,26.2,True
df064e1a,Ravi Bishnoi,2025,37,222,401,9,10.838,24.67,True
df064e1a,Ravi Bishnoi,2026,26,156,257,11,9.885,14.18,True
a4e37e47,S Dube,2019,2,10,8,0,4.8,,False
a4e37e47,S Dube,2020,9,54,73,4,8.111,13.5,False
a4e37e47,S Dube,2021,5,30,49,0,9.8,,False
a4e37e47,S Dube,2022,2,12,36,0,18.0,,False
a4e37e47,S Dube,2024,1,6,14,1,14.0,6.0,False
a4e37e47,S Dube,2025,2,12,33,0,16.5,,False
a4e37e47,S Dube,2026,5,30,64,1,12.8,30.0,False
7a8bd078,S Gopal,2018,31,186,236,11,7.613,16.91,True
7a8bd078,S Gopal,2019,48,288,347,20,7.229,14.4,True
7a8bd078,S Gopal,2020,50,300,427,10,8.54,30.0,True
7a8bd078,S Gopal,2021,7,42,84,0,12.0,,False
7a8bd078,S Gopal,2022,3,18,34,1,11.333,18.0,False
7a8bd078,S Gopal,2024,7,42,67,3,9.571,14.0,False
97290faf,S Joseph,2024,4,24,47,0,11.75,,False
dcf81436,S Kaul,2018,66,396,547,21,8.288,18.86,True
dcf81436,S Kaul,2019,27,162,242,6,8.963,27.0,True
dcf81436,S Kaul,2020,4,24,64,2,16.0,12.0,False
dcf81436,S Kaul,2021,31,180,247,7,8.233,25.71,True
dcf81436,S Kaul,2022,4,24,43,0,10.75,,False
b410bd3d,S Lamichhane,2018,12,72,82,5,6.833,14.4,True
b410bd3d,S Lamichhane,2019,23,138,210,8,9.13,17.25,True
ade90de7,S Midhun,2019,2,12,27,0,13.5,,False
9d80c5e1,S Nadeem,2018,15,90,161,3,10.733,30.0,True
9d80c5e1,S Nadeem,2019,9,54,90,2,10.0,27.0,False
9d80c5e1,S Nadeem,2020,22,132,178,5,8.091,26.4,True
9d80c5e1,S Nadeem,2021,4,24,36,1,9.0,24.0,False
cdc6bdba,S Sandeep Warrier,2019,12,72,85,2,7.083,36.0,True
cdc6bdba,S Sandeep Warrier,2020,3,18,34,0,11.333,,False
cdc6bdba,S Sandeep Warrier,2021,2,12,15,0,7.5,,False
cdc6bdba,S Sandeep Warrier,2024,11,66,119,6,10.818,11.0,True
1a2676c5,SA Abbott,2022,4,24,47,1,11.75,24.0,False
fef92afc,SC Kuggeleijn,2019,8,48,71,2,8.875,24.0,False
d014d5ac,SE Rutherford,2019,7,41,59,1,8.634,41.0,False
83c3e8e3,SH Johnson,2024,16,96,151,4,9.438,24.0,True
83c3e8e3,SH Johnson,2025,12,68,133,1,11.735,68.0,True
83c3e8e3,SH Johnson,2026,11,66,112,2,10.182,33.0,True
1dc12ab9,SK Raina,2019,1,6,6,0,6.0,,False
a12e1d51,SL Malinga,2019,46,269,438,16,9.77,16.81,True
e94915e6,SM Curran,2019,34,198,323,10,9.788,19.8,True
e94915e6,SM Curran,2020,42,252,344,13,8.19,19.38,True
e94915e6,SM Curran,2021,33,198,328,9,9.939,22.0,True
e94915e6,SM Curran,2023,48,287,489,10,10.223,28.7,True
e94915e6,SM Curran,2024,41,246,416,16,10.146,15.38,True
e94915e6,SM Curran,2025,12,72,133,1,11.083,72.0,True
f088b960,SN Khan,2019,1,2,6,0,18.0,,False
1abb78f8,SN Thakur,2018,47,280,431,16,9.236,17.5,True
1abb78f8,SN Thakur,2019,30,180,281,8,9.367,22.5,True
1abb78f8,SN Thakur,2020,33,194,275,10,8.505,19.4,True
1abb78f8,SN Thakur,2021,61,359,527,21,8.808,17.1,True
1abb78f8,SN Thakur,2022,49,290,473,15,9.786,19.33,True
1abb78f8,SN Thakur,2023,22,126,220,7,10.476,18.0,True
1abb78f8,SN Thakur,2024,32,190,309,5,9.758,38.0,True
1abb78f8,SN Thakur,2025,34,204,375,13,11.029,15.69,True
1abb78f8,SN Thakur,2026,22,132,270,12,12.273,11.0,True
9d430b40,SP Narine,2018,61,366,467,17,7.656,21.53,True
9d430b40,SP Narine,2019,45,266,347,10,7.827,26.6,True
9d430b40,SP Narine,2020,38,228,302,5,7.947,45.6,True
9d430b40,SP Narine,2021,56,336,361,16,6.446,21.0,True
9d430b40,SP Narine,2022,56,336,312,9,5.571,37.33,True
9d430b40,SP Narine,2023,48,288,383,11,7.979,26.18,True
9d430b40,SP Narine,2024,55,330,368,17,6.691,19.41,True
9d430b40,SP Narine,2025,45,270,351,12,7.8,22.5,True
9d430b40,SP Narine,2026,51,306,339,15,6.647,20.4,True
11061889,SR Dubey,2026,14,77,106,5,8.26,15.4,True
4329fbb5,SR Watson,2018,28,168,251,6,8.964,28.0,True
a1d053dd,SS Cottrell,2020,20,120,176,6,8.8,20.0,True
85ec8e33,SS Iyer,2022,1,6,7,0,7.0,,False
92500ad5,SS Mishra,2026,7,38,67,2,10.579,19.0,False
8361e524,SSB Magala,2023,6,36,51,1,8.5,36.0,False
bd17b45f,STR Binny,2018,2,12,33,0,16.5,,False
bd17b45f,STR Binny,2019,7,42,44,1,6.286,42.0,False
9d704f6f,SZ Mulani,2024,5,30,57,0,11.4,,False
280fff14,Sakib Hussain,2026,42,252,397,15,9.452,16.8,True
ce820073,Sandeep Sharma,2018,44,264,333,12,7.568,22.0,True
ce820073,Sandeep Sharma,2019,43,256,352,12,8.25,21.33,True
ce820073,Sandeep Sharma,2020,52,312,374,14,7.192,22.29,True
ce820073,Sandeep Sharma,2021,24,141,203,3,8.638,47.0,True
ce820073,Sandeep Sharma,2022,20,120,153,2,7.65,60.0,True
ce820073,Sandeep Sharma,2023,46,276,396,10,8.609,27.6,True
ce820073,Sandeep Sharma,2024,38,228,311,13,8.184,17.54,True
ce820073,Sandeep Sharma,2025,37,219,361,9,9.89,24.33,True
ce820073,Sandeep Sharma,2026,20,118,224,5,11.39,23.6,True
f9e6e7ef,Shahbaz Ahmed,2020,6,36,44,2,7.333,18.0,False
f9e6e7ef,Shahbaz Ahmed,2021,14,84,92,7,6.571,12.0,True
f9e6e7ef,Shahbaz Ahmed,2022,35,210,336,4,9.6,52.5,True
f9e6e7ef,Shahbaz Ahmed,2023,7,42,95,1,13.571,42.0,False
f9e6e7ef,Shahbaz Ahmed,2024,28,165,270,7,9.818,23.57,True
f9e6e7ef,Shahbaz Ahmed,2025,9,51,102,1,12.0,51.0,False
f9e6e7ef,Shahbaz Ahmed,2026,12,67,130,5,11.642,13.4,True
7dc35884,Shakib Al Hasan,2018,57,342,456,14,8.0,24.43,True
7dc35884,Shakib Al Hasan,2019,12,65,95,2,8.769,32.5,True
7dc35884,Shakib Al Hasan,2021,26,156,187,4,7.192,39.0,True
26989d80,Shashank Singh,2022,2,12,20,0,10.0,,False
26989d80,Shashank Singh,2024,1,6,5,1,5.0,6.0,False
26989d80,Shashank Singh,2025,2,12,27,0,13.5,,False
26989d80,Shashank Singh,2026,10,60,88,4,8.8,15.0,True
c38d3503,Shivam Mavi,2018,28,168,270,5,9.643,33.6,True
c38d3503,Shivam Mavi,2020,26,156,212,9,8.154,17.33,True
c38d3503,Shivam Mavi,2021,33,193,233,11,7.244,17.55,True
c38d3503,Shivam Mavi,2022,22,132,227,5,10.318,26.4,True
7b44eb3e,Shivang Kumar,2026,39,234,375,9,9.615,26.0,True
26d041c4,Sikandar Raza,2023,12,72,119,3,9.917,24.0,True
26d041c4,Sikandar Raza,2024,2,12,22,0,11.0,,False
30df8c66,Simarjeet Singh,2022,18,108,138,4,7.667,27.0,True
30df8c66,Simarjeet Singh,2024,12,72,121,5,10.083,14.4,True
30df8c66,Simarjeet Singh,2025,10,60,141,2,14.1,30.0,True
8998a68f,Sumit Kumar,2024,4,20,38,0,11.4,,False
970ddd24,Suryansh Shedge,2025,3,18,40,0,13.333,,False
9440ef41,Suyash Sharma,2023,39,234,321,10,8.231,23.4,True
9440ef41,Suyash Sharma,2024,4,24,51,0,12.75,,False
9440ef41,Suyash Sharma,2025,50,300,442,8,8.84,37.5,True
9440ef41,Suyash Sharma,2026,41,245,376,9,9.208,27.22,True
983f2f61,Swapnil Singh,2023,2,12,18,0,9.0,,False
983f2f61,Swapnil Singh,2024,15,90,133,6,8.867,15.0,True
ce794613,T Natarajan,2020,63,377,504,16,8.021,23.56,True
ce794613,T Natarajan,2021,8,48,69,2,8.625,24.0,False
ce794613,T Natarajan,2022,43,258,406,18,9.442,14.33,True
ce794613,T Natarajan,2023,45,270,410,10,9.111,27.0,True
ce794613,T Natarajan,2024,52,308,465,19,9.058,16.21,True
ce794613,T Natarajan,2025,5,25,53,1,12.72,25.0,False
ce794613,T Natarajan,2026,33,191,356,5,11.183,38.2,True
a03bba42,T Shamsi,2021,4,24,34,0,8.5,,False
85b3fab2,T Stubbs,2023,2,12,14,1,7.0,12.0,False
85b3fab2,T Stubbs,2024,2,12,15,3,7.5,4.0,False
85b3fab2,T Stubbs,2025,2,12,40,0,20.0,,False
51ec3919,T Vijay,2026,2,12,29,0,14.5,,False
a818c1be,TA Boult,2018,53,316,466,18,8.848,17.56,True
a818c1be,TA Boult,2019,19,114,163,5,8.579,22.8,True
a818c1be,TA Boult,2020,58,344,457,25,7.971,13.76,True
a818c1be,TA Boult,2021,52,308,406,13,7.909,23.69,True
a818c1be,TA Boult,2022,62,372,492,16,7.935,23.25,True
a818c1be,TA Boult,2023,38,228,312,13,8.211,17.54,True
a818c1be,TA Boult,2024,54,320,443,16,8.306,20.0,True
a818c1be,TA Boult,2025,59,346,517,22,8.965,15.73,True
a818c1be,TA Boult,2026,17,97,188,2,11.629,48.5,True
13c35c9e,TG Southee,2018,29,174,261,5,9.0,34.8,True
13c35c9e,TG Southee,2019,9,54,118,1,13.111,54.0,False
13c35c9e,TG Southee,2021,12,72,95,3,7.917,24.0,True
13c35c9e,TG Southee,2022,35,210,275,14,7.857,15.0,True
13c35c9e,TG Southee,2023,6,36,79,2,13.167,18.0,False
f1f99156,TH David,2026,1,6,18,0,18.0,,False
e86754b2,TK Curran,2018,11,61,118,6,11.607,10.17,True
e86754b2,TK Curran,2020,19,109,208,3,11.45,36.33,True
e86754b2,TK Curran,2021,12,68,104,4,9.176,17.0,True
12b610c2,TM Head,2024,2,10,32,0,19.2,,False
12b610c2,TM Head,2026,1,6,7,1,7.0,6.0,False
245c97cb,TS Mills,2022,17,102,190,6,11.176,17.0,True
46a9bea1,TU Deshpande,2020,17,102,192,3,11.294,34.0,True
46a9bea1,TU Deshpande,2022,7,42,63,1,9.0,42.0,False
46a9bea1,TU Deshpande,2023,58,341,564,21,9.924,16.24,True
46a9bea1,TU Deshpande,2024,48,288,424,17,8.833,16.94,True
46a9bea1,TU Deshpande,2025,32,192,340,9,10.625,21.33,True
46a9bea1,TU Deshpande,2026,23,138,275,4,11.957,34.5,True
b0482a1d,Tilak Varma,2022,2,12,13,0,6.5,,False
b0482a1d,Tilak Varma,2023,1,6,7,0,7.0,,False
b0482a1d,Tilak Varma,2024,1,4,8,0,12.0,,False
cc1e8c68,UT Yadav,2018,54,319,418,20,7.862,15.95,True
cc1e8c68,UT Yadav,2019,38,227,371,8,9.806,28.38,True
cc1e8c68,UT Yadav,2020,7,42,83,0,11.857,,False
cc1e8c68,UT Yadav,2022,48,288,339,16,7.062,18.0,True
cc1e8c68,UT Yadav,2023,19,114,189,1,9.947,114.0,True
cc1e8c68,UT Yadav,2024,21,126,210,8,10.0,15.75,True
81c08fa3,Umran Malik,2021,12,72,96,2,8.0,36.0,True
81c08fa3,Umran Malik,2022,50,295,444,22,9.031,13.41,True
81c08fa3,Umran Malik,2023,20,120,217,5,10.85,24.0,True
81c08fa3,Umran Malik,2024,1,6,15,0,15.0,,False
d4d929b0,V Kaverappa,2024,4,24,36,2,9.0,12.0,False
5ffc0565,V Nigam,2025,39,234,356,11,9.128,21.27,True
5ffc0565,V Nigam,2026,9,54,113,2,12.556,27.0,False
1e030637,V Puthur,2025,12,72,109,6,9.083,12.0,True
0994d0ae,V Shankar,2018,5,30,58,1,11.6,30.0,False
0994d0ae,V Shankar,2019,8,48,70,1,8.75,48.0,False
0994d0ae,V Shankar,2020,14,79,82,4,6.228,19.75,True
0994d0ae,V Shankar,2021,11,66,100,3,9.091,22.0,True
0994d0ae,V Shankar,2022,2,9,15,0,10.0,,False
03a83c50,V Viyaskanth,2024,10,60,86,1,8.6,60.0,True
7c3b3b78,VG Arora,2022,18,107,164,3,9.196,35.67,True
7c3b3b78,VG Arora,2023,16,96,146,5,9.125,19.2,True
7c3b3b78,VG Arora,2024,30,180,276,11,9.2,16.36,True
7c3b3b78,VG Arora,2025,43,255,430,17,10.118,15.0,True
7c3b3b78,VG Arora,2026,38,228,390,11,10.263,20.73,True
0a3d54b9,VR Aaron,2019,12,72,116,4,9.667,18.0,True
0a3d54b9,VR Aaron,2020,8,48,94,0,11.75,,False
0a3d54b9,VR Aaron,2022,5,30,52,2,10.4,15.0,False
a24be938,VR Iyer,2021,9,51,69,3,8.118,17.0,False
a24be938,VR Iyer,2022,4,24,46,0,11.5,,False
a24be938,VR Iyer,2024,1,6,28,0,28.0,,False
54e52590,Vijaykumar Vyshak,2023,24,144,253,9,10.542,16.0,True
54e52590,Vijaykumar Vyshak,2024,15,87,142,4,9.793,21.75,True
54e52590,Vijaykumar Vyshak,2025,17,102,181,4,10.647,25.5,True
54e52590,Vijaykumar Vyshak,2026,31,186,330,9,10.645,20.67,True
1b7b0fa7,Vivrant Sharma,2023,3,18,37,0,12.333,,False
cb9b8664,W O'Rourke,2025,11,62,132,6,12.774,10.33,True
3a60e0b5,WD Parnell,2023,26,151,236,9,9.377,16.78,True
9caf69a1,WG Jacks,2024,9,54,100,2,11.111,27.0,False
9caf69a1,WG Jacks,2025,14,84,120,6,8.571,14.0,True
9caf69a1,WG Jacks,2026,9,53,94,2,10.642,26.5,False
f19ccfad,Washington Sundar,2018,20,120,192,4,9.6,30.0,True
f19ccfad,Washington Sundar,2019,9,54,74,4,8.222,13.5,False
f19ccfad,Washington Sundar,2020,50,300,298,8,5.96,37.5,True
f19ccfad,Washington Sundar,2021,16,96,118,3,7.375,32.0,True
f19ccfad,Washington Sundar,2022,28,168,239,6,8.536,28.0,True
f19ccfad,Washington Sundar,2023,18,106,146,3,8.264,35.33,True
f19ccfad,Washington Sundar,2024,5,30,73,1,14.6,30.0,False
f19ccfad,Washington Sundar,2025,11,65,111,2,10.246,32.5,True
f19ccfad,Washington Sundar,2026,10,55,84,1,9.164,55.0,True
3b53243a,XC Bartlett,2025,10,60,96,2,9.6,30.0,True
3b53243a,XC Bartlett,2026,34,201,388,5,11.582,40.2,True
cfa4bd2b,Y Prithvi Raj,2019,5,30,57,1,11.4,30.0,False
6c19c6e5,YBK Jaiswal,2022,1,1,6,0,36.0,,False
3c6ffae8,YK Pathan,2018,2,12,14,1,7.0,12.0,False
3c6ffae8,YK Pathan,2019,1,6,8,0,8.0,,False
57ee1fde,YS Chahal,2018,50,300,363,12,7.26,25.0,True
57ee1fde,YS Chahal,2019,50,296,386,18,7.824,16.44,True
57ee1fde,YS Chahal,2020,58,343,405,21,7.085,16.33,True
57ee1fde,YS Chahal,2021,53,318,374,18,7.057,17.67,True
57ee1fde,YS Chahal,2022,68,408,527,27,7.75,15.11,True
57ee1fde,YS Chahal,2023,53,317,432,21,8.177,15.1,True
57ee1fde,YS Chahal,2024,58,348,546,18,9.414,19.33,True
57ee1fde,YS Chahal,2025,45,270,430,16,9.556,16.88,True
57ee1fde,YS Chahal,2026,41,246,385,12,9.39,20.5,True
7210d461,Yash Dayal,2022,32,192,296,11,9.25,17.45,True
7210d461,Yash Dayal,2023,14,84,165,2,11.786,42.0,True
7210d461,Yash Dayal,2024,51,301,459,15,9.15,20.07,True
7210d461,Yash Dayal,2025,50,294,470,13,9.592,22.62,True
02dfebbe,Yash Raj Punja,2026,30,180,279,9,9.3,20.0,True
4b31f3a3,Yash Thakur,2023,32,191,289,13,9.079,14.69,True
4b31f3a3,Yash Thakur,2024,36,213,402,11,11.324,19.36,True
4b31f3a3,Yash Thakur,2025,7,39,79,1,12.154,39.0,False
4b31f3a3,Yash Thakur,2026,4,24,55,2,13.75,12.0,False
4885bbe6,Yudhvir Singh,2023,8,48,70,3,8.75,16.0,False
4885bbe6,Yudhvir Singh,2024,4,24,52,1,13.0,24.0,False
4885bbe6,Yudhvir Singh,2025,11,66,131,4,11.909,16.5,True
1c914163,Yuvraj Singh,2018,2,12,23,0,11.5,,False
36619795,Zeeshan Ansari,2025,35,203,333,6,9.842,33.83,True
