scope,player_id,player_name,qualified,last_active_season,is_recently_active,innings,dismissals,not_outs,runs,balls_faced,batting_average,mean_score,median_score,median_lt_mean,p10,p25,p50,p75,p90,skewness,duck_count,duck_rate,duck_rate_of_dismissals,rate_20_naive,rate_20_complete_case,rate_20_km,rate_30_naive,rate_30_complete_case,rate_30_km,rate_50_naive,rate_50_complete_case,rate_50_km,conv_20_to_30,conv_30_to_50
ipl_2018_2026,b17e2f24,KL Rahul,True,2026,True,120,102,18,5090.0,3602,49.90196078431372,42.416666666666664,36.0,True,5.0,15.0,36.0,68.0,91.0,0.7183918203233861,4,0.03333333333333333,0.0392156862745098,0.6833333333333333,0.6890756302521008,0.6892753623188405,0.5416666666666666,0.5462184873949579,0.5463768115942028,0.39166666666666666,0.3949579831932773,0.3950724637681158,0.7926829268292683,0.7230769230769231
ipl_2018_2026,d5130a30,B Sai Sudharsan,True,2026,True,57,52,5,2515.0,1686,48.36538461538461,44.12280701754386,43.0,True,11.600000000000001,20.0,43.0,62.0,84.0,0.4161174038700492,1,0.017543859649122806,0.019230769230769232,0.7543859649122807,0.7543859649122807,0.7543859649122805,0.6666666666666666,0.6666666666666666,0.6666666666666664,0.40350877192982454,0.40350877192982454,0.4035087719298245,0.8837209302325582,0.6052631578947368
ipl_2018_2026,470f446b,V Suryavanshi,True,2026,True,23,23,0,1028.0,449,44.69565217391305,44.69565217391305,40.0,True,4.0,12.0,40.0,67.5,96.8,0.37311653967605113,2,0.08695652173913043,0.08695652173913043,0.6956521739130435,0.6956521739130435,0.6956521739130436,0.6956521739130435,0.6956521739130435,0.6956521739130436,0.34782608695652173,0.34782608695652173,0.3478260869565219,1.0,0.5
ipl_2018_2026,fe366f34,C Connolly,True,2026,True,13,11,2,491.0,301,44.63636363636363,37.76923076923077,30.0,True,12.200000000000001,17.0,30.0,38.0,84.00000000000001,1.0453614067615522,1,0.07692307692307693,0.09090909090909091,0.6153846153846154,0.6153846153846154,0.6153846153846153,0.5384615384615384,0.5384615384615384,0.5384615384615384,0.23076923076923078,0.23076923076923078,0.23076923076923078,0.875,0.42857142857142855
ipl_2018_2026,ba607b88,V Kohli,True,2026,True,134,113,21,4918.0,3523,43.52212389380531,36.701492537313435,31.5,True,4.0,12.0,31.5,54.75,74.4,0.6072730123539661,6,0.04477611940298507,0.05309734513274336,0.664179104477612,0.6691729323308271,0.6715588723051411,0.5373134328358209,0.5454545454545454,0.5500746268656717,0.3208955223880597,0.3333333333333333,0.34758905471478296,0.8181818181818182,0.6231884057971014
ipl_2018_2026,df5a6881,DP Conway,True,2025,True,28,25,3,1080.0,773,43.2,38.57142857142857,42.0,False,0.7000000000000002,9.5,42.0,59.25,85.6,0.26885603881233117,3,0.10714285714285714,0.12,0.5714285714285714,0.5714285714285714,0.5714285714285716,0.5714285714285714,0.5714285714285714,0.5714285714285716,0.39285714285714285,0.39285714285714285,0.39285714285714307,1.0,0.6875
ipl_2018_2026,99b75528,JC Buttler,True,2026,True,112,96,16,4119.0,2742,42.90625,36.776785714285715,26.5,True,5.0,11.0,26.5,54.0,89.0,0.9203903821340607,7,0.0625,0.07291666666666667,0.6517857142857143,0.6576576576576577,0.6593646179401992,0.4732142857142857,0.48623853211009177,0.4939367842413019,0.30357142857142855,0.3177570093457944,0.3344951955247949,0.7464788732394366,0.6666666666666666
ipl_2018_2026,235c2bb6,H Klaasen,True,2026,True,60,50,10,2104.0,1262,42.08,35.06666666666667,32.0,True,7.0,17.75,32.0,47.75,65.2,0.8964819865099775,1,0.016666666666666666,0.02,0.7,0.7368421052631579,0.746604148905939,0.55,0.5892857142857143,0.6012829842081757,0.25,0.2777777777777778,0.3016077411604372,0.8048780487804879,0.4838709677419355
ipl_2018_2026,b4b99816,Shubman Gill,True,2026,True,130,114,16,4598.0,3236,40.333333333333336,35.36923076923077,31.0,True,3.9000000000000004,9.0,31.0,56.0,84.0,0.8234555010770718,4,0.03076923076923077,0.03508771929824561,0.5769230769230769,0.6048387096774194,0.6153427221611403,0.5230769230769231,0.5483870967741935,0.5579107347594339,0.2846153846153846,0.3008130081300813,0.3109732000775322,0.9066666666666666,0.5522388059701493
ipl_2018_2026,85b3fab2,T Stubbs,True,2026,True,43,25,18,980.0,648,39.2,22.790697674418606,20.0,True,1.2000000000000002,4.0,20.0,38.0,52.800000000000026,0.5948868006645937,2,0.046511627906976744,0.08,0.5116279069767442,0.5789473684210527,0.6139887244538409,0.37209302325581395,0.47058823529411764,0.5516048433596004,0.11627906976744186,0.17857142857142858,0.3651828361130688,0.8888888888888888,0.5
ipl_2018_2026,4a8a2e3b,MS Dhoni,True,2025,True,98,48,50,1878.0,1353,39.125,19.163265306122447,16.0,True,1.0,5.0,16.0,26.75,38.79999999999998,1.5248920777620123,3,0.030612244897959183,0.0625,0.3877551020408163,0.5,0.5509190213311664,0.20408163265306123,0.29850746268656714,0.4057678893216973,0.07142857142857142,0.12962962962962962,0.4057678893216973,0.6896551724137931,1.0
ipl_2018_2026,989889ff,JP Inglis,True,2026,True,16,14,2,544.0,314,38.857142857142854,34.0,31.0,True,5.0,12.5,31.0,44.25,72.5,0.5772195799845142,0,0.0,0.0,0.625,0.7142857142857143,0.7291666666666666,0.5625,0.6428571428571429,0.65625,0.25,0.2857142857142857,0.2916666666666667,0.9,0.4444444444444444
ipl_2018_2026,85ec8e33,SS Iyer,True,2026,True,112,89,23,3422.0,2465,38.449438202247194,30.553571428571427,25.5,True,4.0,9.75,25.5,47.0,65.9,0.8543855745723938,2,0.017857142857142856,0.02247191011235955,0.5625,0.5675675675675675,0.5687499999999998,0.4375,0.45794392523364486,0.47511970766129014,0.24107142857142858,0.26732673267326734,0.30538939852362873,0.8305084745762712,0.627906976744186
ipl_2018_2026,45a43fe2,RD Gaikwad,True,2026,True,84,74,10,2839.0,2093,38.36486486486486,33.79761904761905,28.0,True,1.0,7.0,28.0,57.75,73.7,0.6952964190056983,7,0.08333333333333333,0.0945945945945946,0.5595238095238095,0.5595238095238095,0.5595238095238094,0.4880952380952381,0.4880952380952381,0.4880952380952381,0.2857142857142857,0.2926829268292683,0.3061728395061728,0.8723404255319149,0.6153846153846154
ipl_2018_2026,eaa76d3c,C Green,True,2026,True,42,27,15,1029.0,681,38.111111111111114,24.5,20.5,True,2.0,4.0,20.5,33.75,51.39999999999999,1.175745826689995,1,0.023809523809523808,0.037037037037037035,0.5,0.6,0.6242844648641751,0.42857142857142855,0.5142857142857142,0.5351009698835786,0.11904761904761904,0.16666666666666666,0.23164544150804267,0.8571428571428571,0.38461538461538464
ipl_2018_2026,3355b542,F du Plessis,True,2025,True,101,93,8,3478.0,2503,37.39784946236559,34.43564356435643,28.0,True,3.0,10.0,28.0,54.0,73.0,0.5472066281137142,5,0.04950495049504951,0.053763440860215055,0.6435643564356436,0.6435643564356436,0.6435643564356436,0.4752475247524752,0.4752475247524752,0.4752475247524751,0.3069306930693069,0.31313131313131315,0.3225569571413457,0.7384615384615385,0.6739130434782609
ipl_2018_2026,271f83cd,SA Yadav,True,2026,True,122,108,14,3973.0,2618,36.78703703703704,32.5655737704918,29.0,True,3.0,12.0,29.0,51.0,66.9,0.6072068377438735,10,0.08196721311475409,0.09259259259259259,0.639344262295082,0.6446280991735537,0.6465279056916559,0.4918032786885246,0.5042016806722689,0.512115203076073,0.26229508196721313,0.27586206896551724,0.2967770054899389,0.7894736842105263,0.5614035087719298
ipl_2018_2026,fe93fd9d,RA Jadeja,True,2026,True,97,49,48,1794.0,1290,36.61224489795919,18.49484536082474,17.0,True,2.0,7.0,17.0,25.0,39.60000000000002,1.225038248299683,3,0.030927835051546393,0.061224489795918366,0.44329896907216493,0.5512820512820513,0.5884955613106999,0.18556701030927836,0.2857142857142857,0.4286500323756957,0.05154639175257732,0.09433962264150944,0.2969004553251572,0.6428571428571429,0.625
ipl_2018_2026,26989d80,Shashank Singh,True,2026,True,42,25,17,905.0,560,36.2,21.547619047619047,15.5,True,2.0,5.0,15.5,32.5,55.599999999999994,0.871493891814595,3,0.07142857142857142,0.12,0.40476190476190477,0.4594594594594595,0.5073939393939395,0.2857142857142857,0.35294117647058826,0.43909090909090925,0.14285714285714285,0.2,0.3512727272727274,0.8571428571428571,0.75
ipl_2018_2026,d67d5f00,DA Miller,True,2026,True,80,48,32,1725.0,1252,35.9375,21.5625,19.0,True,2.9000000000000004,7.0,19.0,30.0,44.20000000000002,1.339551333296279,4,0.05,0.08333333333333333,0.475,0.5757575757575758,0.6203203930604088,0.2625,0.3620689655172414,0.4474287722293215,0.075,0.11764705882352941,0.21579833860598813,0.7,0.42857142857142855
ipl_2018_2026,b0482a1d,Tilak Varma,True,2026,True,65,52,13,1858.0,1284,35.73076923076923,28.584615384615386,26.0,True,3.0,8.0,26.0,38.0,60.2,0.9087432356776248,2,0.03076923076923077,0.038461538461538464,0.676923076923077,0.6984126984126984,0.7040417209908734,0.4461538461538462,0.48333333333333334,0.5082187022717787,0.16923076923076924,0.19642857142857142,0.23751235091971162,0.7073170731707317,0.44
ipl_2018_2026,919a3be2,RR Pant,True,2026,True,112,93,19,3301.0,2260,35.494623655913976,29.473214285714285,26.0,True,3.0,10.0,26.0,42.25,60.70000000000002,1.3141564721488295,4,0.03571428571428571,0.043010752688172046,0.5714285714285714,0.6037735849056604,0.6166641907653692,0.41964285714285715,0.44339622641509435,0.4528627650933179,0.16964285714285715,0.18627450980392157,0.20344893473516706,0.734375,0.4418604651162791
ipl_2018_2026,a4cc73aa,SV Samson,True,2026,True,124,107,17,3755.0,2525,35.09345794392523,30.282258064516128,22.5,True,2.0,8.75,22.5,46.25,69.7,1.1516485798321576,8,0.06451612903225806,0.07476635514018691,0.5645161290322581,0.5645161290322581,0.5645161290322582,0.4032258064516129,0.4032258064516129,0.403225806451613,0.1935483870967742,0.2033898305084746,0.23344892929514213,0.7142857142857143,0.5454545454545454
ipl_2018_2026,bf74b130,FH Allen,True,2026,True,11,10,1,349.0,163,34.9,31.727272727272727,20.0,True,6.0,8.5,20.0,33.0,93.0,1.2760497912627442,0,0.0,0.0,0.5454545454545454,0.5454545454545454,0.5454545454545454,0.2727272727272727,0.2727272727272727,0.2727272727272727,0.18181818181818182,0.18181818181818182,0.18181818181818182,0.5,0.6666666666666666
ipl_2018_2026,abb83e27,JM Bairstow,True,2025,True,52,48,4,1674.0,1146,34.875,32.19230769230769,26.0,True,5.1000000000000005,9.75,26.0,46.25,62.8,1.1163190632197706,3,0.057692307692307696,0.0625,0.5769230769230769,0.5769230769230769,0.5769230769230768,0.46153846153846156,0.46153846153846156,0.4615384615384614,0.21153846153846154,0.21153846153846154,0.21153846153846154,0.8,0.4583333333333333
ipl_2018_2026,e66732f8,RD Rickelton,True,2026,True,26,24,2,836.0,497,34.833333333333336,32.15384615384615,24.5,True,4.0,9.25,24.5,46.25,71.5,1.27062999304062,0,0.0,0.0,0.5384615384615384,0.5384615384615384,0.5384615384615384,0.4230769230769231,0.4230769230769231,0.4230769230769231,0.23076923076923078,0.23076923076923078,0.2307692307692308,0.7857142857142857,0.5454545454545454
ipl_2018_2026,d7017798,A Raghuvanshi,True,2026,True,30,26,4,885.0,608,34.03846153846154,29.5,27.0,True,4.800000000000001,9.25,27.0,44.75,54.50000000000001,0.5338617063498673,0,0.0,0.0,0.6333333333333333,0.6551724137931034,0.6597222222222223,0.4666666666666667,0.5185185185185185,0.5497685185185187,0.23333333333333334,0.25925925925925924,0.2748842592592594,0.8235294117647058,0.5
ipl_2018_2026,0a509d6b,RK Singh,True,2026,True,62,41,21,1394.0,955,34.0,22.483870967741936,18.0,True,4.0,6.75,18.0,34.5,48.9,1.0499773411180453,1,0.016129032258064516,0.024390243902439025,0.45161290322580644,0.5,0.5277732366512855,0.3064516129032258,0.36538461538461536,0.4220839532912704,0.0967741935483871,0.13043478260869565,0.23825528416046718,0.7916666666666666,0.46153846153846156
ipl_2018_2026,3d284ca3,PD Salt,True,2026,True,40,37,3,1258.0,721,34.0,31.45,26.0,True,0.9000000000000004,5.75,26.0,56.0,68.70000000000002,0.5383154188334129,4,0.1,0.10810810810810811,0.55,0.55,0.5499999999999999,0.475,0.48717948717948717,0.4999999999999999,0.3,0.3076923076923077,0.3157894736842105,0.9047619047619048,0.631578947368421
ipl_2018_2026,3d8feaf8,MR Marsh,True,2026,True,48,48,0,1630.0,1053,33.958333333333336,33.958333333333336,25.0,True,0.0,4.75,25.0,56.25,83.40000000000003,0.8683404439300517,7,0.14583333333333334,0.14583333333333334,0.5625,0.5625,0.5625,0.4583333333333333,0.4583333333333333,0.4583333333333334,0.2916666666666667,0.2916666666666667,0.29166666666666674,0.8148148148148148,0.6363636363636364
ipl_2018_2026,b2b4f545,A Mhatre,True,2026,True,13,13,0,441.0,240,33.92307692307692,33.92307692307692,32.0,True,0.20000000000000018,7.0,32.0,43.0,70.20000000000002,0.5749746165402152,2,0.15384615384615385,0.15384615384615385,0.6923076923076923,0.6923076923076923,0.6923076923076923,0.6923076923076923,0.6923076923076923,0.6923076923076923,0.23076923076923078,0.23076923076923078,0.23076923076923078,1.0,0.3333333333333333
ipl_2018_2026,6c19c6e5,YBK Jaiswal,True,2026,True,82,77,5,2593.0,1697,33.675324675324674,31.621951219512194,25.5,True,1.1999999999999993,10.0,25.5,49.0,67.9,0.9681414300983265,4,0.04878048780487805,0.05194805194805195,0.6097560975609756,0.6097560975609756,0.6097560975609755,0.4634146341463415,0.4634146341463415,0.46341463414634126,0.24390243902439024,0.24691358024691357,0.25203252032520324,0.76,0.5405405405405406
ipl_2018_2026,c740ea83,RM Patidar,True,2026,True,52,48,4,1612.0,980,33.583333333333336,31.0,26.0,True,6.200000000000001,11.75,26.0,50.25,57.8,1.0136663750072206,1,0.019230769230769232,0.020833333333333332,0.5769230769230769,0.5882352941176471,0.5938914027149321,0.4423076923076923,0.45098039215686275,0.45531674208144796,0.28846153846153844,0.3,0.31674208144796384,0.7666666666666667,0.6818181818181818
ipl_2018_2026,12b610c2,TM Head,True,2026,True,42,41,1,1351.0,767,32.951219512195124,32.166666666666664,22.5,True,0.10000000000000053,8.75,22.5,47.75,75.1,0.7881822242529406,5,0.11904761904761904,0.12195121951219512,0.5714285714285714,0.5714285714285714,0.5714285714285714,0.42857142857142855,0.42857142857142855,0.4285714285714285,0.23809523809523808,0.23809523809523808,0.238095238095238,0.75,0.5555555555555556
ipl_2018_2026,f1f99156,TH David,True,2026,True,59,35,24,1151.0,650,32.885714285714286,19.508474576271187,16.0,True,1.0,4.5,16.0,31.5,42.400000000000006,0.7512460832957556,4,0.06779661016949153,0.11428571428571428,0.423728813559322,0.5102040816326531,0.5731368466422906,0.2711864406779661,0.35555555555555557,0.44300432590708444,0.03389830508474576,0.05405405405405406,0.18785087281252336,0.7619047619047619,0.25
ipl_2018_2026,7b679de5,Kartik Sharma,True,2026,True,11,9,2,295.0,216,32.77777777777778,26.818181818181817,19.0,True,6.0,16.5,19.0,36.5,54.0,0.8941902733336432,0,0.0,0.0,0.45454545454545453,0.45454545454545453,0.45454545454545453,0.36363636363636365,0.36363636363636365,0.36363636363636365,0.18181818181818182,0.2,0.2727272727272727,0.8,0.6666666666666666
ipl_2018_2026,372455c4,Q de Kock,True,2026,True,92,85,7,2715.0,2001,31.941176470588236,29.51086956521739,23.0,True,2.0,7.0,23.0,45.25,68.80000000000001,1.3778150012200445,3,0.03260869565217391,0.03529411764705882,0.532608695652174,0.532608695652174,0.5326086956521738,0.34782608695652173,0.34782608695652173,0.3478260869565217,0.22826086956521738,0.23076923076923078,0.23913043478260865,0.6530612244897959,0.6774193548387096
ipl_2018_2026,752f7486,Ishan Kishan,True,2026,True,112,103,9,3281.0,2261,31.854368932038835,29.294642857142858,25.0,True,1.0,9.0,25.0,42.25,69.9,0.9691498209866289,10,0.08928571428571429,0.0970873786407767,0.5625,0.5675675675675675,0.5694444444444445,0.4017857142857143,0.40540540540540543,0.4067460317460318,0.20535714285714285,0.20909090909090908,0.21351113017779683,0.7142857142857143,0.5227272727272727
ipl_2018_2026,a24be938,VR Iyer,True,2026,True,62,53,9,1677.0,1181,31.641509433962263,27.048387096774192,18.0,True,3.200000000000001,7.0,18.0,43.75,56.8,0.9936592130392717,2,0.03225806451612903,0.03773584905660377,0.46774193548387094,0.48333333333333334,0.48447846424883056,0.3870967741935484,0.41379310344827586,0.43436000242998607,0.22580645161290322,0.24561403508771928,0.26745314964438965,0.8888888888888888,0.6086956521739131
ipl_2018_2026,3241e3fd,N Pooran,True,2026,True,101,80,21,2527.0,1540,31.5875,25.019801980198018,19.0,True,1.0,6.0,19.0,40.0,61.0,0.7675835160681704,9,0.0891089108910891,0.1125,0.48514851485148514,0.5212765957446809,0.5360853692621723,0.39603960396039606,0.43478260869565216,0.4582229832680906,0.1485148514851485,0.17857142857142858,0.2312692335296776,0.851063829787234,0.46875
ipl_2018_2026,bcf325d2,Dhruv Jurel,True,2026,True,51,38,13,1195.0,775,31.44736842105263,23.431372549019606,18.0,True,1.0,4.5,18.0,36.5,53.0,0.8045680119619699,5,0.09803921568627451,0.13157894736842105,0.47058823529411764,0.5106382978723404,0.5364583400155412,0.37254901960784315,0.41304347826086957,0.4440005579295293,0.19607843137254902,0.23809523809523808,0.30135784474854926,0.8260869565217391,0.6666666666666666
ipl_2018_2026,a4e37e47,S Dube,True,2026,True,87,68,19,2129.0,1464,31.308823529411764,24.471264367816094,21.0,True,3.0,9.0,21.0,34.5,50.0,1.000284655712382,3,0.034482758620689655,0.04411764705882353,0.5172413793103449,0.5421686746987951,0.551994393801903,0.3103448275862069,0.34177215189873417,0.3704513362844475,0.11494252873563218,0.14084507042253522,0.2109244417209602,0.6585365853658537,0.5263157894736842
ipl_2018_2026,93b4fc78,MK Pandey,True,2026,True,68,58,10,1797.0,1449,30.982758620689655,26.426470588235293,21.5,True,1.7000000000000002,7.5,21.5,38.0,61.0,0.7801016282174577,3,0.04411764705882353,0.05172413793103448,0.5441176470588235,0.5522388059701493,0.555222088835534,0.38235294117647056,0.3880597014925373,0.3901560624249699,0.19117647058823528,0.2,0.22001281715693796,0.7027027027027027,0.5416666666666666
ipl_2018_2026,6a26221c,AK Markram,True,2026,True,66,55,11,1671.0,1233,30.381818181818183,25.318181818181817,21.0,True,1.5,11.25,21.0,41.0,52.5,0.49699123103001297,3,0.045454545454545456,0.05454545454545454,0.5454545454545454,0.5714285714285714,0.5805268178149533,0.3939393939393939,0.41935483870967744,0.43372693285025254,0.15151515151515152,0.17543859649122806,0.22206897535652648,0.7428571428571429,0.47619047619047616
ipl_2018_2026,f89d3b11,Sameer Rizvi,True,2026,True,18,14,4,424.0,293,30.285714285714285,23.555555555555557,14.5,True,0.0,2.25,14.5,39.75,61.60000000000001,1.1041627151046192,3,0.16666666666666666,0.21428571428571427,0.4444444444444444,0.47058823529411764,0.5,0.3333333333333333,0.35294117647058826,0.375,0.16666666666666666,0.1875,0.234375,0.75,0.6
ipl_2018_2026,84d9c311,Ashutosh Sharma,True,2026,True,26,19,7,564.0,334,29.68421052631579,21.692307692307693,18.0,True,2.5,9.5,18.0,31.0,40.0,1.0009461865936753,0,0.0,0.0,0.38461538461538464,0.45454545454545453,0.5174512987012987,0.3076923076923077,0.38095238095238093,0.46570616883116883,0.07692307692307693,0.1,0.13971185064935068,0.8888888888888888,0.2857142857142857
ipl_2018_2026,9418198b,P Simran Singh,True,2026,True,65,63,2,1865.0,1189,29.603174603174605,28.692307692307693,21.0,True,2.4000000000000004,9.0,21.0,43.0,69.0,0.9751559194734883,5,0.07692307692307693,0.07936507936507936,0.5076923076923077,0.5076923076923077,0.5076923076923077,0.38461538461538464,0.38461538461538464,0.3846153846153846,0.23076923076923078,0.23076923076923078,0.23076923076923073,0.7575757575757576,0.6
ipl_2018_2026,f29185a1,Abhishek Sharma,True,2026,True,89,81,8,2379.0,1389,29.37037037037037,26.730337078651687,15.0,True,1.8000000000000007,6.0,15.0,42.0,63.400000000000006,1.6613633294262622,6,0.06741573033707865,0.07407407407407407,0.4606741573033708,0.4823529411764706,0.49078546115324295,0.4157303370786517,0.44047619047619047,0.45397655156674976,0.16853932584269662,0.18072289156626506,0.19487069781084654,0.925,0.4166666666666667
ipl_2018_2026,b5797845,Priyansh Arya,True,2026,True,31,31,0,909.0,471,29.322580645161292,29.322580645161292,22.0,True,1.0,7.0,22.0,45.0,69.0,1.0076994840754268,3,0.0967741935483871,0.0967741935483871,0.5806451612903226,0.5806451612903226,0.5806451612903225,0.3548387096774194,0.3548387096774194,0.3548387096774193,0.22580645161290322,0.22580645161290322,0.22580645161290316,0.6111111111111112,0.6363636363636364
ipl_2018_2026,dbe50b21,HH Pandya,True,2026,True,117,87,30,2549.0,1735,29.298850574712645,21.786324786324787,18.0,True,2.0,8.0,18.0,31.0,40.80000000000001,1.336837782113239,4,0.03418803418803419,0.04597701149425287,0.4700854700854701,0.49107142857142855,0.5046257923830298,0.27350427350427353,0.3137254901960784,0.37019595618516293,0.07692307692307693,0.09782608695652174,0.187418840583907,0.7111111111111111,0.4090909090909091
ipl_2018_2026,d9273ee7,MP Stoinis,True,2026,True,100,71,29,2079.0,1388,29.281690140845072,20.79,14.5,True,1.0,5.0,14.5,28.25,46.70000000000006,1.835468304723651,9,0.09,0.1267605633802817,0.42,0.4827586206896552,0.5197230751296718,0.23,0.2839506172839506,0.349847875715859,0.1,0.13333333333333333,0.2230280207688601,0.6388888888888888,0.5882352941176471
ipl_2018_2026,aad0c365,Nithish Kumar Reddy,True,2026,True,35,27,8,787.0,541,29.14814814814815,22.485714285714284,19.0,True,2.0,10.0,19.0,31.5,38.6,1.032356408269437,1,0.02857142857142857,0.037037037037037035,0.4857142857142857,0.5483870967741935,0.5756613756613758,0.3142857142857143,0.39285714285714285,0.47165532879818606,0.08571428571428572,0.10714285714285714,0.12863327149041437,0.7857142857142857,0.2727272727272727
ipl_2018_2026,bbd41817,AD Russell,True,2025,True,89,72,17,2077.0,1191,28.84722222222222,23.337078651685392,15.0,True,1.8000000000000007,7.0,15.0,41.0,49.2,0.9409625545839413,6,0.06741573033707865,0.08333333333333333,0.4606741573033708,0.47126436781609193,0.4758070746173854,0.3258426966292135,0.3411764705882353,0.35731340006568735,0.10112359550561797,0.11538461538461539,0.1912457028837337,0.7435897435897436,0.4090909090909091
ipl_2018_2026,1c84109e,MD Choudhary,True,2026,True,10,6,4,170.0,120,28.333333333333332,17.0,13.5,True,1.0,3.25,13.5,20.25,40.49999999999999,1.0786467887056261,0,0.0,0.0,0.3,0.375,0.41142857142857153,0.2,0.2857142857142857,0.41142857142857153,0.1,0.14285714285714285,0.20571428571428577,1.0,0.5
ipl_2018_2026,8ee36b18,P Nissanka,True,2026,True,10,10,0,278.0,175,27.8,27.8,30.0,False,1.0,8.75,30.0,43.25,51.199999999999996,0.08606777897830784,0,0.0,0.0,0.5,0.5,0.5000000000000001,0.5,0.5,0.5000000000000001,0.2,0.2,0.20000000000000004,1.0,0.4
ipl_2018_2026,48a1d7b7,SO Hetmyer,True,2026,True,85,57,28,1560.0,1045,27.36842105263158,18.352941176470587,13.0,True,2.0,6.0,13.0,28.0,42.0,1.151308209511088,4,0.047058823529411764,0.07017543859649122,0.36470588235294116,0.44285714285714284,0.4926434006783525,0.21176470588235294,0.27692307692307694,0.351306872604666,0.058823529411764705,0.08333333333333333,0.15526509101724079,0.6923076923076923,0.38461538461538464
ipl_2018_2026,9caf69a1,WG Jacks,True,2026,True,26,22,4,602.0,379,27.363636363636363,23.153846153846153,16.5,True,3.0,8.5,16.5,32.0,49.5,1.760864200148688,0,0.0,0.0,0.46153846153846156,0.5,0.5099350777100139,0.2692307692307692,0.30434782608695654,0.33464489474719655,0.11538461538461539,0.13043478260869565,0.1434192406059414,0.6363636363636364,0.42857142857142855
ipl_2018_2026,fffa744b,Naman Dhir,True,2026,True,33,26,7,710.0,433,27.307692307692307,21.515151515151516,20.0,True,0.0,7.0,20.0,30.0,46.8,0.6188341357394118,5,0.15151515151515152,0.19230769230769232,0.5151515151515151,0.5483870967741935,0.5664335664335665,0.2727272727272727,0.32142857142857145,0.384841628959276,0.09090909090909091,0.1111111111111111,0.14966063348416286,0.6428571428571429,0.375
ipl_2018_2026,fb2d1dda,N Rana,True,2026,True,106,97,9,2641.0,1896,27.22680412371134,24.91509433962264,19.5,True,1.0,8.0,19.5,35.75,57.5,1.0965290597979,8,0.07547169811320754,0.08247422680412371,0.5,0.5145631067961165,0.5211125125813809,0.32075471698113206,0.3300970873786408,0.334298592976735,0.16981132075471697,0.18181818181818182,0.20956689699239142,0.6415094339622641,0.6
ipl_2018_2026,f0af99a7,D Ferreira,True,2026,True,16,12,4,326.0,191,27.166666666666668,20.375,14.0,True,1.0,3.25,14.0,34.25,49.5,0.946262713401929,1,0.0625,0.08333333333333333,0.375,0.4,0.4285714285714286,0.3125,0.3333333333333333,0.3571428571428572,0.125,0.15384615384615385,0.28571428571428575,0.8333333333333334,0.6666666666666666
ipl_2018_2026,740742ef,RG Sharma,True,2026,True,122,116,6,3122.0,2300,26.913793103448278,25.59016393442623,18.0,True,2.0,7.0,18.0,37.75,64.80000000000001,1.121019687654985,10,0.08196721311475409,0.08620689655172414,0.4672131147540984,0.47107438016528924,0.47540983606557385,0.3442622950819672,0.35,0.35730802415875756,0.14754098360655737,0.15,0.15313201035375326,0.75,0.42857142857142855
ipl_2018_2026,2c25d4f5,D Padikkal,True,2026,True,89,85,4,2270.0,1705,26.705882352941178,25.50561797752809,22.0,True,1.0,7.0,22.0,39.0,54.0,0.8097860126896819,6,0.06741573033707865,0.07058823529411765,0.5617977528089888,0.5617977528089888,0.561797752808989,0.39325842696629215,0.3977272727272727,0.4038870331005164,0.16853932584269662,0.1744186046511628,0.1887119864647956,0.7142857142857143,0.45454545454545453
ipl_2018_2026,29e95537,AM Rahane,True,2026,True,92,87,5,2310.0,1738,26.551724137931036,25.108695652173914,20.5,True,2.1999999999999993,9.0,20.5,36.25,55.400000000000034,1.1318008539522284,5,0.05434782608695652,0.05747126436781609,0.5108695652173914,0.5164835164835165,0.5179649758454107,0.34782608695652173,0.35555555555555557,0.360323461457677,0.11956521739130435,0.12222222222222222,0.12386118987607649,0.6956521739130435,0.34375
ipl_2018_2026,00ea847a,MA Agarwal,True,2025,True,77,74,3,1942.0,1404,26.243243243243242,25.22077922077922,19.0,True,2.0,7.0,19.0,32.0,56.400000000000006,1.44120687114325,4,0.05194805194805195,0.05405405405405406,0.4935064935064935,0.5,0.5009838646202281,0.2987012987012987,0.3026315789473684,0.3032270759543486,0.14285714285714285,0.14666666666666667,0.15468975468975465,0.6052631578947368,0.5
ipl_2018_2026,77255a9e,RA Tripathi,True,2025,True,84,73,11,1900.0,1395,26.027397260273972,22.61904761904762,16.0,True,2.3000000000000007,7.0,16.0,34.0,52.10000000000001,1.2497443656820841,3,0.03571428571428571,0.0410958904109589,0.44047619047619047,0.47435897435897434,0.4964589868814646,0.2976190476190476,0.32051282051282054,0.335445261406395,0.11904761904761904,0.13157894736842105,0.15095036763287778,0.6756756756756757,0.43478260869565216
ipl_2018_2026,1ac746c8,Atharva Taide,True,2025,True,10,10,0,260.0,177,26.0,26.0,17.0,True,3.6,13.0,17.0,41.75,56.099999999999994,0.6469043494967122,1,0.1,0.1,0.4,0.4,0.4,0.3,0.3,0.30000000000000004,0.2,0.2,0.20000000000000004,0.75,0.6666666666666666
ipl_2018_2026,04a418e8,R Parag,True,2026,True,86,73,13,1875.0,1300,25.684931506849313,21.802325581395348,15.0,True,3.0,5.25,15.0,29.75,49.0,1.5179835864168505,3,0.03488372093023256,0.0410958904109589,0.4186046511627907,0.45,0.4708850007999186,0.2558139534883721,0.275,0.2877630560443948,0.10465116279069768,0.11842105263157894,0.15711862860023956,0.6111111111111112,0.5
ipl_2018_2026,9b6e1b3f,J Fraser-McGurk,True,2025,True,15,15,0,385.0,193,25.666666666666668,25.666666666666668,20.0,True,0.0,4.0,20.0,44.0,61.0,0.8547958023569323,3,0.2,0.2,0.5333333333333333,0.5333333333333333,0.5333333333333334,0.3333333333333333,0.3333333333333333,0.3333333333333335,0.26666666666666666,0.26666666666666666,0.2666666666666668,0.625,0.8
ipl_2018_2026,ad3b6e95,Abishek Porel,True,2026,True,33,30,3,769.0,529,25.633333333333333,23.303030303030305,20.0,True,2.4000000000000004,7.0,20.0,34.0,50.6,0.5008168913777057,2,0.06060606060606061,0.06666666666666667,0.5151515151515151,0.53125,0.5409090909090911,0.42424242424242425,0.4375,0.4454545454545456,0.12121212121212122,0.13333333333333333,0.15619834710743807,0.8235294117647058,0.3333333333333333
ipl_2018_2026,872b03f7,A Badoni,True,2026,True,56,46,10,1178.0,836,25.608695652173914,21.035714285714285,18.0,True,1.0,5.75,18.0,31.25,52.0,0.8596501906114444,5,0.08928571428571429,0.10869565217391304,0.44642857142857145,0.49019607843137253,0.5249417774772744,0.2857142857142857,0.32653061224489793,0.372664549254455,0.125,0.14285714285714285,0.16304074029882407,0.6956521739130435,0.4375
ipl_2018_2026,50c6bc2b,LS Livingstone,True,2026,True,49,42,7,1066.0,687,25.38095238095238,21.755102040816325,15.0,True,1.0,4.0,15.0,28.0,60.0,1.35945561880302,3,0.061224489795918366,0.07142857142857142,0.3673469387755102,0.3829787234042553,0.3975155279503106,0.24489795918367346,0.2608695652173913,0.2870945479641132,0.14285714285714285,0.16279069767441862,0.22967563837129057,0.7058823529411765,0.7777777777777778
ipl_2018_2026,844e79d1,D Brevis,True,2026,True,24,24,0,606.0,415,25.25,25.25,27.0,False,0.6000000000000005,7.0,27.0,42.0,48.099999999999994,0.0011102748117911402,3,0.125,0.125,0.625,0.625,0.6249999999999999,0.4583333333333333,0.4583333333333333,0.4583333333333333,0.08333333333333333,0.08333333333333333,0.08333333333333334,0.7333333333333333,0.18181818181818182
ipl_2018_2026,0994d0ae,V Shankar,True,2025,True,59,45,14,1132.0,875,25.155555555555555,19.1864406779661,13.0,True,2.8000000000000007,7.5,13.0,27.0,44.60000000000002,1.2004827207819586,2,0.03389830508474576,0.044444444444444446,0.3728813559322034,0.4,0.4115153535779654,0.1694915254237288,0.18867924528301888,0.2057576767889827,0.1016949152542373,0.12,0.18518190911008445,0.5,0.8571428571428571
ipl_2018_2026,e94915e6,SM Curran,True,2025,True,53,40,13,997.0,731,24.925,18.81132075471698,13.0,True,1.0,5.0,13.0,23.0,51.40000000000001,1.5556145038134608,4,0.07547169811320754,0.1,0.41509433962264153,0.4888888888888889,0.5179362112272914,0.16981132075471697,0.20930232558139536,0.2504071765024508,0.11320754716981132,0.14285714285714285,0.19476113727968394,0.45,0.75
ipl_2018_2026,d014d5ac,SE Rutherford,True,2026,True,27,21,6,520.0,364,24.761904761904763,19.25925925925926,18.0,True,1.0,5.0,18.0,28.0,40.000000000000014,1.0279074247005044,2,0.07407407407407407,0.09523809523809523,0.48148148148148145,0.52,0.5263400046008743,0.2222222222222222,0.25,0.28341384863124003,0.037037037037037035,0.045454545454545456,0.07085346215781001,0.5,0.25
ipl_2018_2026,fcc21ace,A Kamboj,True,2026,True,10,3,7,74.0,52,24.666666666666668,7.4,4.5,True,1.8,2.25,4.5,11.5,19.0,0.8068501043798585,1,0.1,0.3333333333333333,0.0,0.0,0.39999999999999997,0.0,0.0,0.39999999999999997,0.0,0.0,0.39999999999999997,,
ipl_2018_2026,c5aef772,R Shepherd,True,2026,True,19,11,8,268.0,153,24.363636363636363,14.105263157894736,14.0,True,0.8,1.0,14.0,22.5,28.59999999999999,1.082306016768856,2,0.10526315789473684,0.18181818181818182,0.3157894736842105,0.4,0.4605263157894737,0.10526315789473684,0.15384615384615385,0.2878289473684211,0.05263157894736842,0.08333333333333333,0.2878289473684211,0.5,1.0
ipl_2018_2026,ba5e1069,R Ravindra,True,2025,True,18,17,1,413.0,287,24.294117647058822,22.944444444444443,18.0,True,0.7000000000000002,3.25,18.0,37.0,50.500000000000014,0.5397174862613205,2,0.1111111111111111,0.11764705882352941,0.5,0.5,0.5,0.3888888888888889,0.3888888888888889,0.38888888888888884,0.1111111111111111,0.1111111111111111,0.11111111111111113,0.7777777777777778,0.2857142857142857
ipl_2018_2026,39a2dfa8,R Tewatia,True,2026,True,89,53,36,1267.0,919,23.90566037735849,14.235955056179776,11.0,True,1.8000000000000007,4.0,11.0,20.0,36.400000000000006,1.4508603330137366,4,0.0449438202247191,0.07547169811320754,0.2696629213483146,0.375,0.47270817126423836,0.14606741573033707,0.22413793103448276,0.3689860235078462,0.02247191011235955,0.03773584905660377,0.16557065157403356,0.7222222222222222,0.25
ipl_2018_2026,d1a60072,N Wadhera,True,2026,True,37,33,4,784.0,560,23.757575757575758,21.18918918918919,15.0,True,2.6,5.0,15.0,33.0,50.199999999999996,0.9749340403656271,2,0.05405405405405406,0.06060606060606061,0.3783783783783784,0.3888888888888889,0.38984438984438985,0.2702702702702703,0.2777777777777778,0.27846027846027843,0.10810810810810811,0.11764705882352941,0.14144014144014144,0.7142857142857143,0.5
ipl_2018_2026,0a4c6dfd,Arshad Khan,True,2026,True,12,6,6,142.0,95,23.666666666666668,11.833333333333334,5.0,True,1.0,1.0,5.0,16.25,20.0,1.9298621434347194,1,0.08333333333333333,0.16666666666666666,0.25,0.375,0.5142857142857142,0.08333333333333333,0.14285714285714285,0.34285714285714286,0.08333333333333333,0.14285714285714285,0.34285714285714286,0.5,1.0
ipl_2018_2026,970ddd24,Suryansh Shedge,True,2026,True,10,7,3,165.0,101,23.571428571428573,16.5,8.5,True,1.9,3.25,8.5,24.0,37.19999999999999,1.1830944045336615,0,0.0,0.0,0.4,0.5,0.5714285714285715,0.2,0.2857142857142857,0.38095238095238104,0.1,0.14285714285714285,0.19047619047619052,0.6666666666666666,0.5
ipl_2018_2026,800d2d97,JM Sharma,True,2026,True,59,48,11,1107.0,726,23.0625,18.76271186440678,18.0,True,2.0,7.5,18.0,25.5,38.400000000000006,1.5115682447226648,3,0.05084745762711865,0.0625,0.4576271186440678,0.4909090909090909,0.5109965142617371,0.1864406779661017,0.2037037037037037,0.21619083295688873,0.01694915254237288,0.02040816326530612,0.06810011238141996,0.4230769230769231,0.16666666666666666
ipl_2018_2026,b681e71e,GJ Maxwell,True,2025,True,79,69,10,1591.0,1070,23.057971014492754,20.139240506329113,11.0,True,0.0,4.5,11.0,31.0,55.2,1.1720664956939841,10,0.12658227848101267,0.14492753623188406,0.379746835443038,0.4166666666666667,0.4480924633698347,0.26582278481012656,0.2916666666666667,0.3136647243588843,0.1518987341772152,0.16901408450704225,0.19302444575931346,0.7,0.6
ipl_2018_2026,2e171977,AR Patel,True,2026,True,92,66,26,1483.0,1089,22.46969696969697,16.119565217391305,12.5,True,1.0,5.0,12.5,22.0,37.80000000000001,1.251313188149511,5,0.05434782608695652,0.07575757575757576,0.31521739130434784,0.38666666666666666,0.4572828921765294,0.16304347826086957,0.21428571428571427,0.3047669232124073,0.043478260869565216,0.06060606060606061,0.1280636768246075,0.625,0.36363636363636365
ipl_2018_2026,650d5e49,R Powell,True,2026,True,30,25,5,555.0,390,22.2,18.5,14.5,True,1.0,3.25,14.5,30.5,39.1,0.8043850905924015,2,0.06666666666666667,0.08,0.4666666666666667,0.4827586206896552,0.5000000000000001,0.26666666666666666,0.27586206896551724,0.28571428571428575,0.03333333333333333,0.038461538461538464,0.06349206349206352,0.5714285714285714,0.2
ipl_2018_2026,bb351c23,MM Ali,True,2025,True,59,53,6,1167.0,835,22.0188679245283,19.779661016949152,15.0,True,0.0,4.5,15.0,28.0,48.400000000000006,1.4039296827032934,6,0.1016949152542373,0.11320754716981132,0.3898305084745763,0.42592592592592593,0.4539727159983465,0.2542372881355932,0.2777777777777778,0.2960691626076173,0.1016949152542373,0.11320754716981132,0.13323112317342775,0.6521739130434783,0.42857142857142855
ipl_2018_2026,6b2ff18f,SB Dubey,True,2026,True,17,10,7,220.0,143,22.0,12.941176470588236,9.0,True,2.2,5.0,9.0,19.0,27.400000000000002,0.6892183731430974,1,0.058823529411764705,0.1,0.23529411764705882,0.3076923076923077,0.38515406162464993,0.11764705882352941,0.16666666666666666,0.2888655462184875,0.0,0.0,0.2888655462184875,0.6666666666666666,
ipl_2018_2026,0bacade8,Rahmanullah Gurbaz,True,2025,True,18,17,1,363.0,269,21.352941176470587,20.166666666666668,15.0,True,0.7000000000000002,2.75,15.0,25.25,44.40000000000001,1.4494230981663798,2,0.1111111111111111,0.11764705882352941,0.3888888888888889,0.4117647058823529,0.4188034188034188,0.2222222222222222,0.23529411764705882,0.23931623931623935,0.1111111111111111,0.11764705882352941,0.11965811965811969,0.5714285714285714,0.5
ipl_2018_2026,f088b960,SN Khan,True,2026,True,32,27,5,569.0,441,21.074074074074073,17.78125,12.5,True,0.10000000000000009,6.75,12.5,26.25,38.7,1.1923881556844373,4,0.125,0.14814814814814814,0.34375,0.36666666666666664,0.3933293269230769,0.25,0.27586206896551724,0.31466346153846153,0.0625,0.07407407407407407,0.14749849759615385,0.8,0.3333333333333333
ipl_2018_2026,a3b0600d,Aniket Verma,True,2026,True,20,15,5,315.0,196,21.0,15.75,9.5,True,1.9000000000000001,4.5,9.5,18.25,36.70000000000001,1.9328536968169037,0,0.0,0.0,0.2,0.26666666666666666,0.32444196428571426,0.15,0.2,0.2433314732142857,0.05,0.06666666666666667,0.08111049107142858,0.75,0.3333333333333333
ipl_2018_2026,f19ccfad,Washington Sundar,True,2026,True,54,42,12,879.0,644,20.928571428571427,16.27777777777778,11.0,True,1.0,5.25,11.0,21.0,40.0,1.1172664170479794,2,0.037037037037037035,0.047619047619047616,0.2962962962962963,0.3404255319148936,0.37604799787875115,0.18518518518518517,0.2222222222222222,0.27420166511992267,0.05555555555555555,0.06976744186046512,0.11281439936362536,0.7142857142857143,0.375
ipl_2018_2026,ded9240e,PJ Cummins,True,2026,True,42,27,15,565.0,366,20.925925925925927,13.452380952380953,7.0,True,0.10000000000000053,2.0,7.0,18.75,32.8,1.675993230183323,3,0.07142857142857142,0.1111111111111111,0.21428571428571427,0.28125,0.3634513658043072,0.16666666666666666,0.22580645161290322,0.3180199450787688,0.07142857142857142,0.1,0.18172568290215363,0.875,0.5
ipl_2018_2026,5b8c830e,KH Pandya,True,2026,True,104,72,32,1502.0,1178,20.86111111111111,14.442307692307692,9.0,True,1.0,3.0,9.0,22.25,36.10000000000001,1.5982883178537197,7,0.0673076923076923,0.09722222222222222,0.27884615384615385,0.3493975903614458,0.40550056198070683,0.16346153846153846,0.21518987341772153,0.28208734746483954,0.019230769230769232,0.0273972602739726,0.09973802642506828,0.68,0.18181818181818182
ipl_2018_2026,f9e6e7ef,Shahbaz Ahmed,True,2026,True,40,29,11,603.0,489,20.79310344827586,15.075,12.0,True,1.0,4.5,12.0,18.5,40.1,1.2996351798993437,1,0.025,0.034482758620689655,0.25,0.29411764705882354,0.3306046966529718,0.15,0.18181818181818182,0.22040313110198123,0.025,0.03333333333333333,0.08265117416324297,0.6666666666666666,0.3333333333333333
ipl_2018_2026,c05edf8e,Harpreet Brar,True,2026,True,27,12,15,249.0,206,20.75,9.222222222222221,6.0,True,1.0,2.5,6.0,15.5,20.400000000000002,0.8175753458456938,1,0.037037037037037035,0.08333333333333333,0.14814814814814814,0.2857142857142857,0.5162180814354729,0.0,0.0,0.0,0.0,0.0,0.0,0.0,
ipl_2018_2026,944533a5,KK Nair,True,2026,True,28,27,1,554.0,392,20.51851851851852,19.785714285714285,14.0,True,0.7000000000000002,3.0,14.0,31.0,45.800000000000004,1.477877899766043,3,0.10714285714285714,0.1111111111111111,0.39285714285714285,0.4074074074074074,0.4285714285714286,0.2857142857142857,0.2962962962962963,0.31168831168831174,0.10714285714285714,0.1111111111111111,0.11688311688311692,0.7272727272727273,0.375
ipl_2018_2026,7dcb9bc9,M Shahrukh Khan,True,2026,True,53,38,15,775.0,524,20.394736842105264,14.622641509433961,11.0,True,2.2,6.0,11.0,19.0,34.00000000000004,1.640257117262119,3,0.05660377358490566,0.07894736842105263,0.24528301886792453,0.3023255813953488,0.33889230835894657,0.11320754716981132,0.15384615384615385,0.2420659345421047,0.03773584905660377,0.05263157894736842,0.10758485979649102,0.6666666666666666,0.4
ipl_2018_2026,7aa74830,S Arora,True,2026,True,10,6,4,121.0,77,20.166666666666668,12.1,9.5,True,1.8,8.25,9.5,15.25,24.599999999999998,0.6761386218985845,1,0.1,0.16666666666666666,0.2,0.25,0.28571428571428575,0.1,0.14285714285714285,0.28571428571428575,0.0,0.0,0.28571428571428575,1.0,
ipl_2018_2026,cf59b3f0,Urvil Patel,True,2026,True,10,10,0,197.0,96,19.7,19.7,15.0,True,0.0,4.5,15.0,29.25,39.79999999999999,1.0643974302730415,2,0.2,0.2,0.4,0.4,0.40000000000000013,0.3,0.3,0.3000000000000001,0.1,0.1,0.10000000000000005,0.75,0.3333333333333333
ipl_2018_2026,5ffc0565,V Nigam,True,2026,True,10,8,2,157.0,89,19.625,15.7,13.0,True,0.9,5.25,13.0,19.5,38.1,0.649618834063297,1,0.1,0.125,0.3,0.375,0.3857142857142858,0.2,0.25,0.25714285714285723,0.0,0.0,0.0,0.6666666666666666,0.0
ipl_2018_2026,8e514b4c,Abdul Samad,True,2026,True,58,44,14,857.0,576,19.477272727272727,14.775862068965518,12.5,True,1.0,4.0,12.5,22.75,32.300000000000004,0.5506649753413874,4,0.06896551724137931,0.09090909090909091,0.3448275862068966,0.39215686274509803,0.4323605744258286,0.13793103448275862,0.16326530612244897,0.19600346040637562,0.0,0.0,0.0,0.4444444444444444,0.0
ipl_2018_2026,73ad96ed,DJ Hooda,True,2025,True,71,59,12,1123.0,904,19.033898305084747,15.816901408450704,11.0,True,1.0,3.0,11.0,21.5,45.0,1.4083242734995651,5,0.07042253521126761,0.0847457627118644,0.28169014084507044,0.3125,0.3463897958621119,0.15492957746478872,0.18032786885245902,0.227911656425571,0.09859154929577464,0.11666666666666667,0.1595381594978997,0.6470588235294118,0.7
ipl_2018_2026,be24ead0,Ramandeep Singh,True,2026,True,26,16,10,299.0,205,18.6875,11.5,10.0,True,1.0,4.0,10.0,16.25,24.5,0.9602816090181128,1,0.038461538461538464,0.0625,0.19230769230769232,0.2777777777777778,0.3938918224632511,0.07692307692307693,0.125,0.3151134579706009,0.0,0.0,0.0,0.6666666666666666,0.0
ipl_2018_2026,9d430b40,SP Narine,True,2026,True,93,84,9,1549.0,917,18.44047619047619,16.655913978494624,7.0,True,0.0,2.0,7.0,25.0,44.0,2.050392234923545,14,0.15053763440860216,0.16666666666666666,0.3333333333333333,0.36470588235294116,0.3773065720058549,0.16129032258064516,0.17857142857142858,0.1893294626552677,0.07526881720430108,0.08333333333333333,0.08835374923912494,0.5,0.4666666666666667
ipl_2018_2026,e4a0deae,MJ Santner,True,2026,True,21,8,13,136.0,123,17.0,6.476190476190476,3.0,True,0.0,1.0,3.0,11.0,18.0,0.8104669767558988,1,0.047619047619047616,0.125,0.047619047619047616,0.125,0.3409090909090909,0.0,0.0,0.0,0.0,0.0,0.0,0.0,
ipl_2018_2026,eef2536f,Avesh Khan,True,2026,True,16,4,12,68.0,43,17.0,4.25,2.5,True,0.0,1.0,2.5,5.5,9.5,1.7375615909351272,1,0.0625,0.25,0.0,0.0,0.3461538461538462,0.0,0.0,0.3461538461538462,0.0,0.0,0.3461538461538462,,
ipl_2018_2026,68c56d09,KA Jamieson,True,2026,True,10,5,5,77.0,73,15.4,7.7,7.5,True,0.0,2.5,7.5,12.0,16.0,0.06324974618030225,0,0.0,0.0,0.0,0.0,0.17857142857142858,0.0,0.0,0.17857142857142858,0.0,0.0,0.17857142857142858,,
ipl_2018_2026,0890552f,A Manohar,True,2025,True,20,19,1,292.0,235,15.368421052631579,14.6,10.0,True,0.9000000000000001,2.0,10.0,26.25,42.1,0.8194662031734984,2,0.1,0.10526315789473684,0.3,0.3157894736842105,0.35,0.2,0.21052631578947367,0.23333333333333336,0.0,0.0,0.0,0.6666666666666666,0.0
ipl_2018_2026,8f6dd463,Azmatullah Omarzai,True,2026,True,11,10,1,151.0,101,15.1,13.727272727272727,14.0,False,1.0,6.0,14.0,17.5,21.0,0.7129338941650669,0,0.0,0.0,0.18181818181818182,0.18181818181818182,0.1818181818181819,0.09090909090909091,0.1,0.1818181818181819,0.0,0.0,0.0,1.0,0.0
ipl_2018_2026,495d42a5,R Ashwin,True,2025,True,58,42,16,602.0,465,14.333333333333334,10.379310344827585,6.5,True,0.0,2.0,6.5,14.0,28.300000000000004,1.5733375983826818,8,0.13793103448275862,0.19047619047619047,0.1724137931034483,0.22727272727272727,0.2876622710580707,0.08620689655172414,0.11627906976744186,0.1598123728100393,0.017241379310344827,0.023809523809523808,0.04794371184301179,0.5555555555555556,0.25
ipl_2018_2026,23eeb873,DL Chahar,True,2026,True,19,9,10,128.0,97,14.222222222222221,6.7368421052631575,2.0,True,0.0,1.0,2.0,8.0,13.599999999999987,2.1751219187649706,4,0.21052631578947367,0.4444444444444444,0.10526315789473684,0.2,0.2819548872180452,0.05263157894736842,0.1111111111111111,0.2819548872180452,0.0,0.0,0.0,1.0,0.0
ipl_2018_2026,5f547c8b,Rashid Khan,True,2026,True,69,44,25,624.0,397,14.181818181818182,9.043478260869565,4.0,True,0.0,0.0,4.0,14.0,24.0,2.730030338882778,16,0.2318840579710145,0.36363636363636365,0.14492753623188406,0.20408163265306123,0.3249602579782497,0.08695652173913043,0.1276595744680851,0.2527468673164164,0.014492753623188406,0.022222222222222223,0.08424895577213881,0.75,0.25
ipl_2018_2026,0f721006,JO Holder,True,2026,True,29,21,8,286.0,232,13.619047619047619,9.862068965517242,8.0,True,0.8000000000000003,2.0,8.0,12.0,23.2,1.8681670663031833,2,0.06896551724137931,0.09523809523809523,0.13793103448275862,0.16,0.18142401365213037,0.034482758620689655,0.045454545454545456,0.18142401365213037,0.0,0.0,0.18142401365213037,1.0,
ipl_2018_2026,46a9bea1,TU Deshpande,True,2026,True,10,4,6,54.0,36,13.5,5.4,1.0,True,0.0,1.0,1.0,2.75,20.5,1.5280443193884465,0,0.0,0.0,0.2,0.4,0.5,0.0,0.0,0.0,0.0,0.0,0.0,0.0,
ipl_2018_2026,327b58d3,PVD Chameera,True,2026,True,11,4,7,53.0,45,13.25,4.818181818181818,1.0,True,0.0,0.0,1.0,9.5,13.0,0.8675099313183559,2,0.18181818181818182,0.5,0.0,0.0,0.0,0.0,0.0,0.0,0.0,0.0,0.0,,
ipl_2018_2026,1e66c162,JD Unadkat,True,2026,True,23,15,8,196.0,156,13.066666666666666,8.521739130434783,6.0,True,1.0,2.5,6.0,12.5,18.400000000000002,0.8638913587526619,1,0.043478260869565216,0.06666666666666667,0.08695652173913043,0.13333333333333333,0.2598615794143745,0.0,0.0,0.0,0.0,0.0,0.0,0.0,
ipl_2018_2026,5574750c,JC Archer,True,2026,True,40,25,15,326.0,225,13.04,8.15,4.0,True,0.0,1.0,4.0,13.0,24.300000000000004,1.219777944295963,5,0.125,0.2,0.15,0.21428571428571427,0.32925170068027215,0.05,0.08,0.27437641723356015,0.0,0.0,0.0,0.6666666666666666,0.0
ipl_2018_2026,81c36ee9,M Jansen,True,2026,True,25,15,10,192.0,174,12.8,7.68,3.0,True,0.40000000000000036,1.0,3.0,13.0,19.6,1.3379160666310543,3,0.12,0.2,0.12,0.17647058823529413,0.2682352941176471,0.04,0.0625,0.17882352941176477,0.0,0.0,0.17882352941176477,0.5,
ipl_2018_2026,1abb78f8,SN Thakur,True,2026,True,40,27,13,342.0,254,12.666666666666666,8.55,4.5,True,0.0,1.0,4.5,11.25,17.500000000000007,3.283297536923834,5,0.125,0.18518518518518517,0.1,0.14285714285714285,0.2180627489982382,0.025,0.037037037037037035,0.10903137449911911,0.025,0.037037037037037035,0.10903137449911911,0.3333333333333333,1.0
ipl_2018_2026,e62dd25d,K Rabada,True,2026,True,32,17,15,207.0,175,12.176470588235293,6.46875,3.5,True,0.0,1.75,3.5,9.5,14.700000000000006,1.1617983523984816,3,0.09375,0.17647058823529413,0.0625,0.1111111111111111,0.3148661339925257,0.0,0.0,0.0,0.0,0.0,0.0,0.0,
ipl_2018_2026,9a46c4e5,GD Phillips,True,2026,True,13,11,2,132.0,109,12.0,10.153846153846153,8.0,True,1.4000000000000004,4.0,8.0,14.0,23.800000000000004,0.6529416565335437,1,0.07692307692307693,0.09090909090909091,0.15384615384615385,0.18181818181818182,0.25641025641025644,0.0,0.0,0.0,0.0,0.0,0.0,0.0,
ipl_2018_2026,8d2c70ad,Kuldeep Yadav,True,2026,True,40,16,24,190.0,231,11.875,4.75,3.0,True,0.0,1.0,3.0,6.25,10.200000000000003,2.84422056655465,5,0.125,0.3125,0.025,0.058823529411764705,0.3584863115449915,0.025,0.058823529411764705,0.3584863115449915,0.0,0.0,0.3584863115449915,1.0,
ipl_2018_2026,2e81a32d,B Kumar,True,2026,True,42,19,23,196.0,220,10.31578947368421,4.666666666666667,3.0,True,0.10000000000000053,1.0,3.0,6.75,8.899999999999999,2.2719225875703213,3,0.07142857142857142,0.15789473684210525,0.023809523809523808,0.05263157894736842,0.2874931614643391,0.0,0.0,0.0,0.0,0.0,0.0,0.0,
ipl_2018_2026,f986ca1a,HV Patel,True,2026,True,33,23,10,233.0,204,10.130434782608695,7.0606060606060606,4.0,True,0.0,1.0,4.0,10.0,15.200000000000003,1.842527076383154,7,0.21212121212121213,0.30434782608695654,0.09090909090909091,0.125,0.1973214285714286,0.06060606060606061,0.08333333333333333,0.13154761904761908,0.0,0.0,0.06577380952380954,0.6666666666666666,0.0
ipl_2018_2026,77b1aa15,Harshit Rana,True,2025,True,10,6,4,59.0,56,9.833333333333334,5.9,2.5,True,0.0,0.25,2.5,4.75,12.399999999999991,2.2682373050138356,1,0.1,0.16666666666666666,0.1,0.16666666666666666,0.3000000000000001,0.1,0.16666666666666666,0.3000000000000001,0.0,0.0,0.0,1.0,0.0
ipl_2018_2026,2f49c897,Mohammed Siraj,True,2026,True,24,12,12,117.0,139,9.75,4.875,3.0,True,0.0,0.75,3.0,8.25,12.0,0.6533110291737056,3,0.125,0.25,0.0,0.0,0.17167524857954544,0.0,0.0,0.17167524857954544,0.0,0.0,0.17167524857954544,,
ipl_2018_2026,e4cdf230,AS Roy,True,2026,True,14,8,6,78.0,64,9.75,5.571428571428571,3.5,True,0.0,0.0,3.5,8.25,11.800000000000004,1.986996816800227,5,0.35714285714285715,0.625,0.07142857142857142,0.1111111111111111,0.2755102040816326,0.0,0.0,0.2755102040816326,0.0,0.0,0.2755102040816326,,
ipl_2018_2026,a818c1be,TA Boult,True,2026,True,25,10,15,88.0,77,8.8,3.52,1.0,True,0.0,0.0,1.0,5.0,11.600000000000001,1.5521679522107228,3,0.12,0.3,0.0,0.0,0.1396825396825397,0.0,0.0,0.1396825396825397,0.0,0.0,0.1396825396825397,,
ipl_2018_2026,462411b3,JJ Bumrah,True,2026,True,24,6,18,50.0,60,8.333333333333334,2.0833333333333335,1.0,True,0.0,0.0,1.0,4.25,5.0,0.906621283247402,4,0.16666666666666666,0.6666666666666666,0.0,0.0,0.625,0.0,0.0,0.625,0.0,0.0,0.625,,
ipl_2018_2026,acdc62f5,A Nortje,True,2026,True,14,7,7,49.0,50,7.0,3.5,2.5,True,0.0,0.25,2.5,3.75,4.700000000000001,2.850559932589147,3,0.21428571428571427,0.42857142857142855,0.07142857142857142,0.125,0.23203125000000002,0.0,0.0,0.23203125000000002,0.0,0.0,0.23203125000000002,,
ipl_2018_2026,ce820073,Sandeep Sharma,True,2025,True,15,5,10,34.0,40,6.8,2.2666666666666666,1.0,True,0.0,0.0,1.0,3.5,7.199999999999999,1.1365579867249098,4,0.26666666666666666,0.8,0.0,0.0,0.0,0.0,0.0,0.0,0.0,0.0,0.0,,
ipl_2018_2026,8cf9814c,Mohammed Shami,True,2026,True,21,12,9,69.0,66,5.75,3.2857142857142856,1.0,True,0.0,1.0,1.0,6.0,9.0,1.077027814815874,5,0.23809523809523808,0.4166666666666667,0.0,0.0,0.2901785714285715,0.0,0.0,0.2901785714285715,0.0,0.0,0.2901785714285715,,
ipl_2018_2026,a97c8ec2,PWH de Silva,True,2025,True,19,15,4,81.0,88,5.4,4.2631578947368425,4.0,True,0.0,0.5,4.0,6.5,8.799999999999997,1.3796480878183919,5,0.2631578947368421,0.3333333333333333,0.0,0.0,0.0,0.0,0.0,0.0,0.0,0.0,0.0,,
ipl_2018_2026,244048f6,Arshdeep Singh,True,2026,True,14,6,8,32.0,47,5.333333333333333,2.2857142857142856,1.0,True,0.0,0.25,1.0,2.0,7.500000000000005,1.655470125405193,3,0.21428571428571427,0.5,0.0,0.0,0.23571428571428577,0.0,0.0,0.23571428571428577,0.0,0.0,0.23571428571428577,,
ipl_2018_2026,5b7ab5a9,CV Varun,True,2026,True,13,6,7,31.0,53,5.166666666666667,2.3846153846153846,1.0,True,0.0,1.0,1.0,2.0,6.600000000000001,1.5106283947518573,2,0.15384615384615385,0.3333333333333333,0.0,0.0,0.3610256410256411,0.0,0.0,0.3610256410256411,0.0,0.0,0.3610256410256411,,
ipl_2018_2026,df064e1a,Ravi Bishnoi,True,2026,True,18,12,6,45.0,69,3.75,2.5,2.0,True,0.0,0.0,2.0,3.0,5.300000000000001,2.0595540417877816,4,0.2222222222222222,0.3333333333333333,0.0,0.0,0.0,0.0,0.0,0.0,0.0,0.0,0.0,,
ipl_2018_2026,759ac88f,MM Sharma,True,2025,True,10,4,6,13.0,34,3.25,1.3,1.0,True,0.0,0.0,1.0,2.0,3.0999999999999996,0.675124627862067,2,0.2,0.5,0.0,0.0,0.30000000000000004,0.0,0.0,0.30000000000000004,0.0,0.0,0.30000000000000004,,
ipl_2018_2026,3fb19989,MA Starc,True,2026,True,11,5,6,15.0,23,3.0,1.3636363636363635,1.0,True,0.0,0.0,1.0,2.0,2.0,1.7710719841474754,4,0.36363636363636365,0.8,0.0,0.0,0.4772727272727273,0.0,0.0,0.4772727272727273,0.0,0.0,0.4772727272727273,,
ipl_2018_2026,efc04be7,Noor Ahmad,True,2026,True,15,11,4,31.0,58,2.8181818181818183,2.066666666666667,1.0,True,0.0,1.0,1.0,2.0,5.799999999999999,1.5507668191098751,2,0.13333333333333333,0.18181818181818182,0.0,0.0,0.0,0.0,0.0,0.0,0.0,0.0,0.0,,
ipl_2018_2026,7c3b3b78,VG Arora,True,2026,True,11,4,7,10.0,27,2.5,0.9090909090909091,1.0,False,0.0,0.0,1.0,1.5,2.0,0.16300591617118848,3,0.2727272727272727,0.75,0.0,0.0,0.4848484848484849,0.0,0.0,0.4848484848484849,0.0,0.0,0.4848484848484849,,
