canonical_name,primary_role,nationality,total_matches_played,latest_sold_price,predicted_valuation,valuation_diff,value_margin_ratio
JD Unadkat,Bowler,Indian,157,10000000.0,59282369.56,49282369.56,5.93
Q de Kock,Wicket Keeper,Overseas,254,10000000.0,58036194.54,48036194.54,5.8
PP Chawla,Bowler,Indian,243,5000000.0,47922312.23,42922312.23,9.58
MK Pandey,Batsman,Indian,218,7500000.0,48757174.78,41257174.78,6.5
F du Plessis,Batsman,Overseas,285,20000000.0,55895120.58,35895120.58,2.79
NM Coulter-Nile,Bowler,Overseas,113,20000000.0,54875983.93,34875983.93,2.74
AD Russell,All-Rounder,,372,6000000.0,39818948.37,33818948.37,6.64
AM Rahane,Batsman,Indian,232,15000000.0,44921202.3,29921202.3,2.99
JP Behrendorff,Bowler,Overseas,142,7500000.0,37052681.97,29552681.97,4.94
XC Bartlett,Unknown,Overseas,92,8000000.0,37344604.51,29344604.51,4.67
GJ Maxwell,All-Rounder,Overseas,295,42000000.0,71270253.5,29270253.5,1.7
Sandeep Sharma,Bowler,Indian,168,5000000.0,33983202.15,28983202.15,6.8
AM Hardie,Unknown,Overseas,89,12500000.0,40533910.14,28033910.14,3.24
M Ashwin,Bowler,Indian,82,2000000.0,29690546.8,27690546.8,14.85
Yuvraj Singh,All-Rounder,,157,10000000.0,36852534.98,26852534.98,3.69
ZGF Foulkes,Unknown,Overseas,0,7500000.0,34083768.03,26583768.03,4.54
Luka Woods,Unknown,Overseas,0,7500000.0,34083768.03,26583768.03,4.54
RP Meredith,Bowler,Overseas,114,10000000.0,36377905.25,26377905.25,3.64
HH Pandya,All-Rounder,,173,1000000.0,27325830.5,26325830.5,27.33
Mandeep Singh,All-Rounder,Indian,160,5000000.0,31316366.28,26316366.28,6.26
Kuldeep Yadav,Bowler,Indian,130,2000000.0,28109797.0,26109797.0,14.05
PA Patel,All-Rounder,Indian,155,2000000.0,27543620.52,25543620.52,13.77
SW Billings,Wicket Keeper,Overseas,185,20000000.0,45024464.22,25024464.22,2.25
R Shepherd,All-Rounder,Overseas,174,15000000.0,39915311.62,24915311.62,2.66
DR Sams,All-Rounder,Overseas,163,7500000.0,31562190.59,24062190.59,4.21
JE Root,Batter,Overseas,57,10000000.0,33895438.31,23895438.31,3.39
KR Mayers,All-Rounder,Overseas,141,5000000.0,28814864.35,23814864.35,5.76
SS Tiwary,Batsman,,127,5000000.0,28692056.5,23692056.5,5.74
DJ Hooda,All-Rounder,Indian,161,17000000.0,40470717.45,23470717.45,2.38
Duan Jansen,All-Rounder,Overseas,0,2000000.0,25286417.5,23286417.5,12.64
S Gopal,Bowler,Indian,79,3000000.0,26226927.62,23226927.62,8.74
TG Southee,Bowler,Overseas,86,15000000.0,38049991.63,23049991.63,2.54
RV Uthappa,Batsman,Indian,243,20000000.0,42968403.03,22968403.03,2.15
LB Williams,Unknown,Overseas,23,7500000.0,30332732.77,22832732.77,4.04
Shakib Al Hasan,All-Rounder,Overseas,137,15000000.0,37196399.06,22196399.06,2.48
RD Rickelton,Unknown,Overseas,79,10000000.0,31682286.2,21682286.2,3.17
BA Carse,Unknown,Overseas,31,10000000.0,31569239.12,21569239.12,3.16
BCJ Cutting,All-Rounder,,148,7500000.0,28808540.54,21308540.54,3.84
T Stubbs,Wicket-Keeper,Overseas,114,5000000.0,26242898.5,21242898.5,5.25
WP Saha,Wicket Keeper,Indian,194,19000000.0,39980474.62,20980474.62,2.1
Mohammad Nabi,All-Rounder,Overseas,126,15000000.0,35496202.83,20496202.83,2.37
MP Breetzke,Unknown,Overseas,53,7500000.0,27663640.57,20163640.57,3.69
AD Hales,Batsman,Overseas,209,15000000.0,35148522.41,20148522.41,2.34
Shashank Singh,All-Rounder,Indian,81,2000000.0,22105795.39,20105795.39,11.05
P Negi,All-Rounder,,81,5000000.0,25105724.69,20105724.69,5.02
Shubham Chaubey,Batter,Indian,18,8000000.0,28085335.43,20085335.43,3.51
AP Tare,Wicket Keeper,,78,2000000.0,22051132.59,20051132.59,11.03
SK Rasheed,Batter,Indian,9,3000000.0,23041270.29,20041270.29,7.68
RA Tripathi,All-Rounder,,131,1000000.0,20834172.18,19834172.18,20.83
E Lewis,Batsman,Overseas,148,20000000.0,39679077.32,19679077.32,1.98
JP Faulkner,All-Rounder,,126,400000.0,20061355.71,19661355.71,50.15
M Markande,Bowler,Indian,75,3000000.0,22608745.16,19608745.16,7.54
Amit Mishra,Bowler,Indian,25,5000000.0,24533434.58,19533434.58,4.91
S Kaul,Bowler,Indian,102,7500000.0,26781954.08,19281954.08,3.57
Saurav Chauhan,Batter,Indian,16,2000000.0,21123284.05,19123284.05,10.56
N Burger,Bowler,Overseas,54,5000000.0,24104178.36,19104178.36,4.82
DJG Sammy,All-Rounder,,103,3000000.0,21853192.34,18853192.34,7.28
E Malinga,Unknown,Overseas,25,12000000.0,30641859.36,18641859.36,2.55
AJ Tye,Bowler,,161,10000000.0,28595197.38,18595197.38,2.86
NT Ellis,Bowler,Overseas,128,20000000.0,38541791.36,18541791.36,1.93
S Nadeem,Bowler,Indian,100,5000000.0,23472898.2,18472898.2,4.69
T Kohler-Cadmore,Wicket-Keeper,Overseas,87,4000000.0,22069689.58,18069689.58,5.52
Karim Janat,Unknown,Overseas,12,7500000.0,24979541.04,17479541.04,3.33
SA Abbott,Bowler,Overseas,147,24000000.0,41478493.94,17478493.94,1.73
VR Aaron,Bowler,Indian,74,5000000.0,22454181.86,17454181.86,4.49
LH Ferguson,Bowler,Overseas,110,20000000.0,37453448.95,17453448.95,1.87
V Shankar,All-Rounder,Indian,109,12000000.0,29433496.9,17433496.9,2.45
C Karunaratne,All-Rounder,Overseas,5,5000000.0,22406238.47,17406238.47,4.48
AR Nair,Batsman,Indian,0,5000000.0,22368367.83,17368367.83,4.47
M Vohra,Batsman,Indian,86,2000000.0,19355032.18,17355032.18,9.68
TK Curran,All-Rounder,Overseas,125,15000000.0,32341710.24,17341710.24,2.16
J Overton,Unknown,Overseas,83,15000000.0,32300539.37,17300539.37,2.15
Sameer Rizvi,Batter,Indian,32,9500000.0,26596226.04,17096226.04,2.8
STR Binny,All-Rounder,,119,5000000.0,21979341.95,16979341.95,4.4
BM Duckett,Unknown,Overseas,66,20000000.0,36978954.39,16978954.39,1.85
B Laughlin,Bowler,,113,5000000.0,21829225.51,16829225.51,4.37
David Mills,Batsman,Overseas,0,20000000.0,36762484.29,16762484.29,1.84
P Simran Singh,Wicket Keeper,Indian,102,6000000.0,22760722.34,16760722.34,3.79
DS Atkinson,Bowler,Overseas,0,10000000.0,26716747.03,16716747.03,2.67
SD Hope,Wicket-Keeper,Overseas,124,7500000.0,24135535.93,16635535.93,3.22
A Zampa,Bowler,Overseas,193,24000000.0,40629348.21,16629348.21,1.69
D Ferreira,Wicket-Keeper,Overseas,104,7500000.0,24044199.35,16544199.35,3.21
RD Gaikwad,Batsman,,119,2000000.0,18455762.27,16455762.27,9.23
Tarun Sharma,Bowler,Indian,0,5000000.0,21322418.45,16322418.45,4.26
SM Curran,All-Rounder,Overseas,157,24000000.0,40287664.92,16287664.92,1.68
AB Dinda,Bowler,,105,5000000.0,21245785.37,16245785.37,4.25
OC McCoy,Bowler,Overseas,97,7500000.0,23444408.97,15944408.97,3.13
MK Tiwary,Batsman,,128,10000000.0,25846690.5,15846690.5,2.58
JJ Bumrah,Bowler,,167,12000000.0,27828780.27,15828780.27,2.32
AKS Bains,Wicket Keeper,,26,2000000.0,17666836.84,15666836.84,8.83
S Badrinath,Batsman,,94,3000000.0,18244675.44,15244675.44,6.08
BAC Howell,All-Rounder,Overseas,55,4000000.0,19175416.62,15175416.62,4.79
PP Ojha,Bowler,,98,5000000.0,20163842.32,15163842.32,4.03
J Suchith,Bowler,Indian,59,2000000.0,17135803.17,15135803.17,8.57
KS Bharat,Wicket Keeper,Indian,46,5000000.0,20105036.5,15105036.5,4.02
AK Markram,Batsman,Overseas,118,20000000.0,35042178.51,15042178.51,1.75
Sachin Baby,Batsman,Indian,57,3000000.0,17872625.96,14872625.96,5.96
KT Maphaka,Unknown,Overseas,20,15000000.0,29869042.89,14869042.89,1.99
L Ngidi,Bowler,Overseas,65,20000000.0,34804162.47,14804162.47,1.74
Mohsin Khan,Bowler,Indian,56,2000000.0,16672113.29,14672113.29,8.34
IK Pathan,All-Rounder,,117,10000000.0,24670144.66,14670144.66,2.47
Kartik Tyagi,Bowler,Indian,41,3000000.0,17353593.18,14353593.18,5.78
RJW Topley,Bowler,Overseas,66,7500000.0,21652876.17,14152876.17,2.89
CV Milind,Bowler,Indian,32,2500000.0,16615589.75,14115589.75,6.65
PJ Sangwan,All-Rounder,Indian,60,2000000.0,15860036.94,13860036.94,7.93
KS Williamson,All-Rounder,Overseas,111,20000000.0,33830819.64,13830819.64,1.69
Basil Thampi,Bowler,Indian,57,3000000.0,16826676.58,13826676.58,5.61
V Puthur,Unknown,Indian,5,3000000.0,16809472.54,13809472.54,5.6
MR Marsh,All-Rounder,Overseas,158,34000000.0,47748219.22,13748219.22,1.4
Aniket Verma,Unknown,Indian,24,3000000.0,16746245.82,13746245.82,5.58
JR Philippe,Wicket Keeper,,119,2000000.0,15735444.24,13735444.24,7.87
KC Cariappa,Bowler,Indian,37,3000000.0,16735340.01,13735340.01,5.58
Amit Kumar,Unknown,Indian,0,3000000.0,16689722.29,13689722.29,5.56
SKG Krishnan,Unknown,Indian,0,3000000.0,16689722.29,13689722.29,5.56
Vinay Malhotra,Unknown,Indian,0,3000000.0,16689722.29,13689722.29,5.56
Mohammad Ihsan,Unknown,Indian,0,3000000.0,16689722.29,13689722.29,5.56
Sahil Tarakhil,Unknown,Indian,0,3000000.0,16689722.29,13689722.29,5.56
Sikandar Raza,All-Rounder,Overseas,99,5000000.0,18670210.53,13670210.53,3.73
D Wiese,All-Rounder,Overseas,111,10000000.0,23524899.34,13524899.34,2.35
AJ Hosein,Bowler,Overseas,189,20000000.0,33358170.24,13358170.24,1.67
YK Pathan,All-Rounder,,209,19000000.0,32237042.85,13237042.85,1.7
Gurkeerat Singh,All-Rounder,Indian,75,5000000.0,18178486.34,13178486.34,3.64
AS Rajpoot,Bowler,Indian,65,5000000.0,18063182.93,13063182.93,3.61
P Dubey,All-Rounder,Indian,22,3000000.0,15986490.38,12986490.38,5.33
Naveen-ul-Haq,Bowler,Overseas,85,5000000.0,17936653.94,12936653.94,3.59
JDS Neesham,All-Rounder,Overseas,79,15000000.0,27578661.83,12578661.83,1.84
Harbhajan Singh,Bowler,,178,20000000.0,32528905.79,12528905.79,1.63
Iqbal Abdulla,All-Rounder,,64,1000000.0,13478360.82,12478360.82,13.48
Swapnil Singh,All-Rounder,Indian,51,5000000.0,17468896.59,12468896.59,3.49
SB Jakati,All-Rounder,,70,2000000.0,14405740.58,12405740.58,7.2
Mayan Yadav,All-Rounder,Indian,0,7500000.0,19892088.93,12392088.93,2.65
Anuj Rawat,Wicket Keeper,Indian,54,3000000.0,15341684.26,12341684.26,5.11
HE van der Dussen,Batsman,Overseas,55,10000000.0,22304761.74,12304761.74,2.23
PV Tambe,Bowler,,44,2000000.0,14164287.56,12164287.56,7.08
RM Patidar,Batsman,,91,2000000.0,14127990.06,12127990.06,7.06
CD Barnwell,All-Rounder,,51,50000.0,12122104.22,12072104.22,242.44
Brijesh Sharma,Unknown,Indian,13,3000000.0,15046049.6,12046049.6,5.02
Shivang Kumar,Unknown,Indian,13,3000000.0,15046049.6,12046049.6,5.02
DC Drakes,All-Rounder,Overseas,56,11000000.0,22982975.42,11982975.42,2.09
Imran Tahir,Bowler,,200,10000000.0,21970382.44,11970382.44,2.2
CA Lynn,Batsman,,238,20000000.0,31889666.26,11889666.26,1.59
A Nortje,Bowler,Overseas,89,20000000.0,31860756.71,11860756.71,1.59
Anmolpreet Singh,Batsman,Indian,50,2000000.0,13790753.62,11790753.62,6.9
Atharva Ankolekar,Unknown,Indian,11,3000000.0,14736923.01,11736923.01,4.91
D Milne,Bowler,Overseas,0,24000000.0,35716534.91,11716534.91,1.49
LR Shukla,All-Rounder,,47,3000000.0,14503780.34,11503780.34,4.83
B Aparajith,All-Rounder,,34,1000000.0,12494457.52,11494457.52,12.49
Liton Das,Wicket-Keeper,Overseas,3,5000000.0,16392363.94,11392363.94,3.28
Yash Raj Punja,Unknown,Indian,8,3000000.0,14273233.13,11273233.13,4.76
Shivam Mavi,All-Rounder,Indian,40,7500000.0,18768629.66,11268629.66,2.5
Ramandeep Singh,All-Rounder,Indian,62,2000000.0,13169234.23,11169234.23,6.58
PSP Handscomb,Wicket Keeper,,85,3000000.0,14133287.76,11133287.76,4.71
PP Hinge,Unknown,Indian,7,3000000.0,14118669.84,11118669.84,4.71
A Badoni,All-Rounder,Indian,81,2000000.0,13106007.51,11106007.51,6.55
Akshay Wakhare,Bowler,,41,1000000.0,12006800.81,11006800.81,12.01
Akash Singh,Bowler,Indian,19,3000000.0,13953200.73,10953200.73,4.65
K Khejroliya,Bowler,Indian,18,3000000.0,13798637.44,10798637.44,4.6
NS Naik,Wicket Keeper,,37,2000000.0,12714108.27,10714108.27,6.36
NV Ojha,Wicket Keeper,,134,14000000.0,24706818.43,10706818.43,1.76
Sarthak Ranjan,Unknown,Indian,4,3000000.0,13654979.96,10654979.96,4.55
Rahmanullah Gurbaz,Unknown,Overseas,72,20000000.0,30600343.14,10600343.14,1.53
JS Paris,Bowler,,51,3000000.0,13552433.74,10552433.74,4.52
SE Rutherford,All-Rounder,Overseas,180,26000000.0,36536629.66,10536629.66,1.41
Sayan Ghosh,Bowler,,25,2000000.0,12533717.41,10533717.41,6.27
Abhinandan Singh,Unknown,Indian,3,3000000.0,13500416.66,10500416.66,4.5
GD Phillips,Wicket Keeper,Overseas,106,20000000.0,30467100.96,10467100.96,1.52
DV Malewar,Unknown,Indian,2,3000000.0,13345853.37,10345853.37,4.45
Siddhant Sharma,Bowler,Indian,1,7500000.0,17823986.24,10323986.24,2.38
Jalaj S Saxena,All-Rounder,,24,3000000.0,13295687.67,10295687.67,4.43
Tanmay Agarwal,Batsman,,36,2000000.0,12279933.72,10279933.72,6.14
AV Wankhade,Batsman,,36,2000000.0,12279933.72,10279933.72,6.14
NJ Maddinson,Batsman,,122,5000000.0,15266456.65,10266456.65,3.05
Yuvraj Chaudhary,Unknown,Indian,1,3000000.0,13191290.08,10191290.08,4.4
Musheer Khan,Unknown,Indian,1,3000000.0,13191290.08,10191290.08,4.4
Pratham Singh,All-Rounder,Indian,32,2000000.0,12185330.94,10185330.94,6.09
TL Seifert,Wicket Keeper,Overseas,119,15000000.0,25170432.76,10170432.76,1.68
K Gowtham,All-Rounder,Indian,62,9000000.0,19169092.82,10169092.82,2.13
Akshay Karnewar,All-Rounder,,44,1000000.0,11040161.16,10040161.16,11.04
KA Jamieson,All-Rounder,Overseas,15,20000000.0,29951729.99,9951729.99,1.5
KK Cooper,All-Rounder,,80,3000000.0,12951444.22,9951444.22,4.32
M Tiwari,Unknown,Indian,5,4000000.0,13809543.25,9809543.25,3.45
Prince Yadav,Unknown,Indian,22,3000000.0,12784123.73,9784123.73,4.26
C Sakariya,Bowler,Indian,43,5000000.0,14662790.48,9662790.48,2.93
Milind Kumar,All-Rounder,,52,2000000.0,11623601.3,9623601.3,5.81
DP Nannes,Bowler,,53,600000.0,10208564.82,9608564.82,17.01
Saurabh Kumar,All-Rounder,,28,2000000.0,11567077.76,9567077.76,5.78
TL Suman,Batsman,,43,1000000.0,10361947.48,9361947.48,10.36
RK Bhui,Batsman,Indian,34,2000000.0,11317740.92,9317740.92,5.66
BR Dunk,Wicket Keeper,,114,2000000.0,11309632.27,9309632.27,5.65
A Mithun,Bowler,,47,3000000.0,12281114.36,9281114.36,4.09
Kuldeep Singh,Unknown,Indian,0,7500000.0,16689722.29,9189722.29,2.23
Anureet Singh,Bowler,,46,3000000.0,12126551.06,9126551.06,4.04
Hari Nishaanth,Batsman,Indian,28,2000000.0,11043427.37,9043427.37,5.52
P Sahu,All-Rounder,,5,2000000.0,11012051.31,9012051.31,5.51
Dhruv Jurel,Wicket Keeper,Indian,64,2000000.0,10887458.6,8887458.6,5.44
B Stanlake,Batsman,,70,5000000.0,13882090.19,8882090.19,2.78
DJ Willey,All-Rounder,Overseas,122,20000000.0,28878091.07,8878091.07,1.44
Anshul Tripathi,Batsman,Indian,4,7500000.0,16333696.21,8833696.21,2.18
R Pratap Singh,Bowler,,1,3000000.0,11824127.66,8824127.66,3.94
B Sai Sudharsan,All-Rounder,Indian,66,2000000.0,10787558.11,8787558.11,5.39
JA Duffy,Unknown,Overseas,13,20000000.0,28787099.84,8787099.84,1.44
Suryansh Shedge,Unknown,Indian,15,3000000.0,11702180.68,8702180.68,3.9
SD Lad,All-Rounder,,46,2000000.0,10696221.54,8696221.54,5.35
R Ravindra,All-Rounder,Overseas,54,20000000.0,28673707.42,8673707.42,1.43
Pratyush Singh,All-Rounder,,15,1000000.0,9557754.95,8557754.95,9.56
K Bhagath Varma,All-Rounder,Indian,2,2000000.0,10548361.43,8548361.43,5.27
DG Nalkande,All-Rounder,Indian,32,3000000.0,11532264.72,8532264.72,3.84
Ajay Mandal,All-Rounder,Indian,27,3000000.0,11412514.47,8412514.47,3.8
R McLaren,Bowler,,18,50000.0,8451845.06,8401845.06,169.04
Ankit Sharma,All-Rounder,,44,2000000.0,10387094.95,8387094.95,5.19
S Sandeep Warrier,Bowler,,47,1000000.0,9281185.06,8281185.06,9.28
MJ Santner,All-Rounder,Overseas,75,20000000.0,28266541.08,8266541.08,1.41
Y Venugopal Rao,Batsman,,65,5500000.0,13762339.93,8262339.93,2.5
Ashwani Kumar,Unknown,Indian,12,3000000.0,11238490.8,8238490.8,3.75
Aniruddha Joshi,All-Rounder,,19,2000000.0,10176008.12,8176008.12,5.09
MJ McClenaghan,Bowler,,82,3000000.0,11037904.83,8037904.83,3.68
S Badree,Bowler,,75,5000000.0,12955891.07,7955891.07,2.59
Ritu Singh,Batsman,Indian,0,5500000.0,13368579.96,7868579.96,2.43
K Santokie,Bowler,,57,3000000.0,10826818.0,7826818.0,3.61
S Lamichhane,Bowler,,74,2000000.0,9801398.48,7801398.48,4.9
N Allen,Batsman,Overseas,0,20000000.0,27762696.41,7762696.41,1.39
S Tyagi,Bowler,,14,100000.0,7833591.89,7733591.89,78.34
Pavan Deshpande,All-Rounder,,16,2000000.0,9712318.24,7712318.24,4.86
AS Bedi,Unknown,Indian,1,5500000.0,13191290.08,7691290.08,2.4
MS Gony,Bowler,,56,6000000.0,13672184.0,7672184.0,2.28
CJ McKay,Bowler,,37,100000.0,7735552.13,7635552.13,77.36
PN Mankad,All-Rounder,Indian,39,2000000.0,9614278.49,7614278.49,4.81
PK Garg,Batsman,Indian,42,2000000.0,9554317.98,7554317.98,4.78
V Nigam,Unknown,Indian,20,5000000.0,12474997.15,7474997.15,2.49
Ranjeet Mali,Bowler,,5,2000000.0,9442451.54,7442451.54,4.72
Lalit Yadav,All-Rounder,Indian,67,6500000.0,13942050.7,7442050.7,2.14
Harpreet Brar,All-Rounder,Indian,83,15000000.0,22414921.98,7414921.98,1.49
J Subramanyan,Bowler,Indian,0,2000000.0,9322701.28,7322701.28,4.66
P Choudhary,Bowler,Indian,0,2000000.0,9322701.28,7322701.28,4.66
Bandaru Ayyappa,Bowler,,23,2000000.0,9224661.53,7224661.53,4.61
T Banton,Batsman,Overseas,91,20000000.0,27215974.09,7215974.09,1.36
Himmat Singh,Batsman,Indian,46,3000000.0,10172571.15,7172571.15,3.39
Mohammed Azharuddeen,Wicket Keeper,,29,2000000.0,9130738.84,7130738.84,4.57
Ashwin Hebbar,Batsman,Indian,35,2000000.0,9125441.13,7125441.13,4.56
Zeeshan Ansari,Unknown,Indian,11,4000000.0,11083927.51,7083927.51,2.77
Ankit Chaudhary,Bowler,,9,3000000.0,10060704.71,7060704.71,3.35
M Manhas,All-Rounder,,61,3000000.0,10014741.65,7014741.65,3.34
Umran Malik,Unknown,Indian,33,7500000.0,14484319.96,6984319.96,1.93
JDP Oram,All-Rounder,,18,50000.0,7021515.53,6971515.53,140.43
Bipul Sharma,All-Rounder,,54,2000000.0,8932798.59,6932798.59,4.47
CJ Jordan,All-Rounder,Overseas,174,36000000.0,42915240.91,6915240.91,1.19
Pankaj Jaswal,All-Rounder,,30,2000000.0,8876275.06,6876275.06,4.44
T Vijay,Unknown,Indian,3,3000000.0,9847421.16,6847421.16,3.28
Mayank Rawat,Unknown,Indian,3,3000000.0,9847421.16,6847421.16,3.28
Pankaj Singh,Bowler,,32,150000.0,6962735.66,6812735.66,46.42
Harishankar Reddy,Bowler,,20,2000000.0,8760971.65,6760971.65,4.38
NK Tiwari,Unknown,Indian,0,10000000.0,16689722.29,6689722.29,1.67
A Ashish Reddy,Bowler,,43,2000000.0,8662931.89,6662931.89,4.33
LI Meriwala,Bowler,,42,2000000.0,8508368.6,6508368.6,4.25
SM Boland,Bowler,,61,5000000.0,11445071.17,6445071.17,2.29
Armaan Jaffer,Batsman,,0,1000000.0,7368721.37,6368721.37,7.37
KL Nagarkoti,All-Rounder,Indian,18,3000000.0,9368378.62,6368378.62,3.12
NA Patel,Bowler,,0,3000000.0,9322701.28,6322701.28,3.11
SS Prabhudessai,All-Rounder,Indian,37,3000000.0,9305151.9,6305151.9,3.1
S Kaushik,Bowler,,10,1000000.0,7215338.71,6215338.71,7.22
Vishnu Vinod,Wicket Keeper,Indian,37,9500000.0,15714037.56,6214037.56,1.65
Samarth Vyas,All-Rounder,Indian,25,2000000.0,8103458.59,6103458.59,4.05
Sagar Trivedi,All-Rounder,,18,1000000.0,7021515.53,6021515.53,7.02
P Dogra,Batsman,,45,1000000.0,7018078.56,6018078.56,7.02
Atharva Taide,All-Rounder,Indian,35,3000000.0,8996025.31,5996025.31,3.0
IC Porel,Bowler,Indian,22,2500000.0,8417032.02,5917032.02,3.37
R Sanjay Yadav,All-Rounder,Indian,28,5000000.0,10914011.55,5914011.55,2.18
KM Asif,Bowler,Indian,25,3000000.0,8880721.9,5880721.9,2.96
P Suyal,Bowler,,12,1000000.0,6871399.09,5871399.09,6.87
AA Herwadkar,All-Rounder,,17,1000000.0,6866952.24,5866952.24,6.87
CM Gautam,Wicket Keeper,,25,2000000.0,7859419.46,5859419.46,3.93
Rahul Sharma,Bowler,,1,3000000.0,8824198.37,5824198.37,2.94
LUVNITH SISODIA,Wicket Keeper,Indian,7,3000000.0,8730275.68,5730275.68,2.91
Aryan Juyal,Wicket Keeper,Indian,7,3000000.0,8730275.68,5730275.68,2.91
M Siddharth,Bowler,Indian,14,7500000.0,13180384.26,5680384.26,1.76
Jaskaran Singh,Bowler,,30,1000000.0,6653609.08,5653609.08,6.65
Arjun Tendulkar,All-Rounder,Indian,13,3000000.0,8595562.15,5595562.15,2.87
V Suryavanshi,Unknown,Indian,23,11000000.0,16591682.53,5591682.53,1.51
Shubman Gill,Batsman,,152,18000000.0,23556350.95,5556350.95,1.31
TR Dhillon,All-Rounder,,2,2000000.0,7548432.13,5548432.13,3.77
N Thushara,Bowler,Overseas,18,16000000.0,21539829.09,5539829.09,1.35
Mujeeb Ur Rahman,Bowler,Overseas,134,20000000.0,25510255.32,5510255.32,1.28
C Munro,All-Rounder,,229,19000000.0,24369322.21,5369322.21,1.28
Writtick Chatterjee,All-Rounder,Indian,20,2000000.0,7330642.12,5330642.12,3.67
Mehdi Hassan,All-Rounder,,20,2000000.0,7330642.12,5330642.12,3.67
Mohit Sharma,Bowler,Indian,0,22000000.0,27322277.04,5322277.04,1.24
TS Mills,Bowler,Overseas,81,15000000.0,20318330.06,5318330.06,1.35
Brian Taylor,Wicket Keeper,,0,3000000.0,8301398.84,5301398.84,2.77
N Jagadeesan,Wicket Keeper,Indian,47,9000000.0,14259741.2,5259741.2,1.58
IR Jaggi,Batsman,,27,2000000.0,7235868.58,5235868.58,3.62
CA Pujara,Batsman,,46,5000000.0,10172571.15,5172571.15,2.03
V Tokas,Bowler,,3,1000000.0,6133395.66,5133395.66,6.13
Subhransu Senapati,Batsman,Indian,22,2000000.0,7116118.32,5116118.32,3.56
FH Edwards,Bowler,,45,210000.0,5319062.97,5109062.97,25.33
Utkarsh Singh,All-Rounder,,18,2000000.0,7021515.53,5021515.53,3.51
Deepak Punia,All-Rounder,,11,1000000.0,5939572.48,4939572.48,5.94
LA Pomersbach,Batsman,,33,300000.0,5163319.04,4863319.04,17.21
AA Kulkarni,Bowler,,4,7500000.0,12287817.54,4787817.54,1.64
Sonu Singh,Bowler,,7,2000000.0,6751648.83,4751648.83,3.38
Tanay Thyagarajan,All-Rounder,Indian,16,2000000.0,6712388.95,4712388.95,3.36
PJ Hughes,Batsman,,7,100000.0,4797668.92,4697668.92,47.98
MS Bisla,Wicket Keeper,,39,6000000.0,10676371.77,4676371.77,1.78
Manzoor Dar,All-Rounder,,15,2000000.0,6557825.65,4557825.65,3.28
Manan Sharma,All-Rounder,,8,1000000.0,5475882.6,4475882.6,5.48
Chaitanya Bishnoi,All-Rounder,,38,2000000.0,6459785.9,4459785.9,3.23
R Sathish,All-Rounder,,38,2000000.0,6459785.9,4459785.9,3.23
Umang Sharma,Batsman,,11,1000000.0,5415922.09,4415922.09,5.42
Kanishk Seth,All-Rounder,,14,2000000.0,6403262.36,4403262.36,3.2
Abid Mushtaq,All-Rounder,Indian,14,2000000.0,6403262.36,4403262.36,3.2
Mohit Rathee,All-Rounder,Indian,1,3000000.0,7393868.84,4393868.84,2.46
Aditya Garhwal,All-Rounder,,17,2500000.0,6866952.24,4366952.24,2.75
M Kartik,Bowler,,56,10000000.0,14325250.21,4325250.21,1.43
S Narwal,All-Rounder,,7,1000000.0,5321319.31,4321319.31,5.32
Fazil Rashid,Bowler,Overseas,8,20000000.0,24300257.87,4300257.87,1.22
Akash Vasisht,All-Rounder,Indian,13,2000000.0,6248699.07,4248699.07,3.12
D Salunkhe,All-Rounder,,6,1000000.0,5166756.01,4166756.01,5.17
Saurabh Dubey,Bowler,Indian,3,2000000.0,6133395.66,4133395.66,3.07
A Edwards,Unknown,Overseas,0,30000000.0,34083768.03,4083768.03,1.14
Rahul Buddhi,Batsman,Indian,15,2000000.0,6034175.27,4034175.27,3.02
Sakib Hussain,Bowler,Indian,13,3000000.0,7025962.38,4025962.38,2.34
M Vijay,Batsman,,116,20000000.0,23991930.98,3991930.98,1.2
Manish Sharma,Bowler,Indian,2,2000000.0,5978832.37,3978832.37,2.99
Kshitiz Sharma,All-Rounder,,11,2000000.0,5939572.48,3939572.48,2.97
P Parameswaran,Bowler,,8,3000000.0,6906212.13,3906212.13,2.3
Ishara Perera,All-Rounder,,0,10000000.0,13892230.34,3892230.34,1.39
SZ Mulani,All-Rounder,Indian,34,2000000.0,5841532.73,3841532.73,2.92
Ravi Singh,Unknown,Indian,1,9500000.0,13191290.08,3691290.08,1.39
D Padikkal,Batsman,Indian,114,20000000.0,23682804.39,3682804.39,1.18
Nithish Kumar Reddy,Wicket-Keeper,Indian,46,2000000.0,5644539.81,3644539.81,2.82
Ashok Sharma,Bowler,Indian,6,9000000.0,12596944.13,3596944.13,1.4
MK Lomror,All-Rounder,Indian,71,17000000.0,20560162.46,3560162.46,1.21
SN Mandal,All-Rounder,,2,1000000.0,4548502.84,3548502.84,4.55
Tejas Baroka,Bowler,Indian,3,2000000.0,5480329.45,3480329.45,2.74
Akash Deep,Bowler,Indian,35,10000000.0,13426284.13,3426284.13,1.34
YV Takawale,Wicket Keeper,,22,1000000.0,4395800.28,3395800.28,4.4
DR Deshmukh,All-Rounder,,7,2000000.0,5321319.31,3321319.31,2.66
Shivam Sharma,All-Rounder,Indian,11,2000000.0,5286506.27,3286506.27,2.64
Ravikumar Samarth,Batsman,Indian,10,2000000.0,5261358.8,3261358.8,2.63
RG More,Bowler,,14,1000000.0,4180596.38,3180596.38,4.18
Chirag Suri,Batsman,,3,1000000.0,4179415.75,3179415.75,4.18
DR Shorey,All-Rounder,,29,2000000.0,5068716.26,3068716.26,2.53
Jaydev Shah,All-Rounder,,5,2000000.0,5012192.72,3012192.72,2.51
Sonu Yadav,All-Rounder,Indian,5,2000000.0,5012192.72,3012192.72,2.51
MJ Suthar,Bowler,Indian,6,3000000.0,5944019.33,2944019.33,1.98
Urvil Patel,Wicket-Keeper,Indian,41,2000000.0,4871723.34,2871723.34,2.44
Ansh Patel,All-Rounder,Indian,4,2000000.0,4857629.43,2857629.43,2.43
JG Bethell,Unknown,Overseas,37,26000000.0,28843623.38,2843623.38,1.11
Akash Madhwal,Unknown,Indian,35,12000000.0,14793446.55,2793446.55,1.23
Vikash Singh,Bowler,Indian,20,6000000.0,8760971.65,2760971.65,1.46
SS Mundhe,All-Rounder,,27,2000000.0,4759589.67,2759589.67,2.38
R Rampaul,Bowler,,67,9000000.0,11719384.72,2719384.72,1.3
DH Yagnik,Wicket Keeper,,30,3000000.0,5632306.63,2632306.63,1.88
Anunay Singh,All-Rounder,Indian,2,2000000.0,4548502.84,2548502.84,2.27
AC Blizzard,Batsman,,35,3000000.0,5472445.63,2472445.63,1.82
MS Bhandage,All-Rounder,Indian,12,3000000.0,5441069.56,2441069.56,1.81
N Sindhu,All-Rounder,Indian,12,3000000.0,5441069.56,2441069.56,1.81
Shivam Singh,All-Rounder,Indian,1,2000000.0,4393939.55,2393939.55,2.2
RA Sharma,All-Rounder,Indian,1,2000000.0,4393939.55,2393939.55,2.2
Jatin Saxena,All-Rounder,,1,2000000.0,4393939.55,2393939.55,2.2
Rakesh Kumar,Batsman,Indian,4,2000000.0,4333979.04,2333979.04,2.17
M Muralitharan,Bowler,,90,10000000.0,12274411.18,2274411.18,1.23
S Anirudha,Batsman,,27,2000000.0,4235939.28,2235939.28,2.12
Sanvir Singh,All-Rounder,Indian,23,2000000.0,4141336.5,2141336.5,2.07
KR Sen,Bowler,Indian,33,8000000.0,10117228.25,2117228.25,1.26
Manjot Kalra,Batsman,,2,2000000.0,4024852.45,2024852.45,2.01
VG Arora,Bowler,Indian,58,18000000.0,19981169.17,1981169.17,1.11
RA Bawa,All-Rounder,Indian,9,3000000.0,4977379.68,1977379.68,1.66
ER Dwivedi,Wicket Keeper,,16,7500000.0,9468279.11,1968279.11,1.26
Fazalhaq Farooqi,Bowler,Overseas,68,20000000.0,21962002.75,1962002.75,1.1
MC Juneja,Batsman,,18,1000000.0,2844869.64,1844869.64,2.84
H Viljoen,Bowler,,0,7500000.0,9322701.28,1822701.28,1.24
F Behardien,All-Rounder,,3,3000000.0,4703066.13,1703066.13,1.57
Matthew Walker,Wicket Keeper,Overseas,0,24000000.0,25695444.58,1695444.58,1.07
C Connolly,Unknown,Overseas,55,30000000.0,31625762.66,1625762.66,1.05
P Awana,Bowler,,39,6500000.0,8044678.72,1544678.72,1.24
Shubham Ranjane,All-Rounder,,66,2000000.0,3481567.11,1481567.11,1.74
RS Hangargekar,All-Rounder,Indian,4,3000000.0,4204563.22,1204563.22,1.4
SP Goswami,Wicket Keeper,,66,10000000.0,11196585.19,1196585.19,1.12
AG Paunikar,Wicket Keeper,,14,2000000.0,3159293.94,1159293.94,1.58
Karanveer Singh,All-Rounder,,10,1000000.0,2132013.68,1132013.68,2.13
CS Delport,All-Rounder,,22,3000000.0,3986773.21,986773.21,1.33
SE Marsh,Batsman,,148,22000000.0,22938097.78,938097.78,1.04
J Theron,Bowler,,36,3000000.0,3927993.33,927993.33,1.31
HR Shokeen,All-Rounder,Indian,15,2000000.0,2904830.15,904830.15,1.45
C Anderson,All-Rounder,,0,10000000.0,10892301.05,892301.05,1.09
V Kaverappa,Bowler,Indian,5,2000000.0,2789526.74,789526.74,1.39
B Indrajith,Wicket Keeper,Indian,10,2000000.0,2541040.76,541040.76,1.27
Mayank Dagar,All-Rounder,Indian,38,18000000.0,18459503.07,459503.07,1.03
Sharad Lumba,Batsman,,14,2000000.0,2226616.47,226616.47,1.11
Gurnoor Brar,Unknown,Indian,1,13000000.0,13191290.08,191290.08,1.01
T Mishra,Batsman,,7,1000000.0,1144673.42,144673.42,1.14
